timestamp_s,relative_time_s,car_id,x_m,y_m,speed_kmh,longitudinal_accel_g,sector,speed_origin,position_origin,accel_origin,timing_origin
0.0,-5.0,99,209.90801100814218,-163.13516656865923,170.0,0.0,3,SIMULATED,SIMULATED,SIMULATED,SIMULATED
0.2,-4.8,99,201.60450110460795,-158.64563751093726,170.0,0.0,3,SIMULATED,SIMULATED,SIMULATED,SIMULATED
0.4,-4.6,99,193.38531405531705,-153.9829147311281,170.0,0.0,3,SIMULATED,SIMULATED,SIMULATED,SIMULATED
0.6,-4.4,99,185.24643296069831,-149.20088142426212,170.0,0.0,3,SIMULATED,SIMULATED,SIMULATED,SIMULATED
0.8,-4.2,99,177.15246502107698,-144.3236270509394,170.0,0.0,3,SIMULATED,SIMULATED,SIMULATED,SIMULATED
1.0,-4.0,99,169.10510854220945,-139.38879804749936,170.0,0.0,3,SIMULATED,SIMULATED,SIMULATED,SIMULATED
1.2,-3.8,99,161.07384598728896,-134.4087304984674,170.0,0.0,3,SIMULATED,SIMULATED,SIMULATED,SIMULATED
1.4,-3.6,99,153.06360444048227,-129.4137700859977,170.0,0.0,3,SIMULATED,SIMULATED,SIMULATED,SIMULATED
1.6,-3.4,99,145.0460151943655,-124.41169424885275,170.0,0.0,3,SIMULATED,SIMULATED,SIMULATED,SIMULATED
1.8,-3.2,99,137.02214495499948,-119.43865722843353,170.0,0.0,3,SIMULATED,SIMULATED,SIMULATED,SIMULATED
2.0,-3.0,99,128.97254746678902,-114.50742414698554,170.0,0.0,3,SIMULATED,SIMULATED,SIMULATED,SIMULATED
2.2,-2.8,99,120.8775736808592,-109.63177082847568,170.0,0.0,3,SIMULATED,SIMULATED,SIMULATED,SIMULATED
2.4,-2.6,99,112.7425124651401,-104.84320320220836,170.0,0.0,3,SIMULATED,SIMULATED,SIMULATED,SIMULATED
2.6,-2.4,99,104.53710719618303,-100.15625097838631,170.0,0.0,3,SIMULATED,SIMULATED,SIMULATED,SIMULATED
2.8,-2.2,99,96.26414093694498,-95.6105334875517,170.0,0.0,3,SIMULATED,SIMULATED,SIMULATED,SIMULATED
3.0,-2.0,99,87.8894289684431,-91.2335765847709,170.0,0.0,3,SIMULATED,SIMULATED,SIMULATED,SIMULATED
3.2,-1.8,99,79.41198465986022,-87.08178369780104,170.0,0.0,3,SIMULATED,SIMULATED,SIMULATED,SIMULATED
3.4,-1.6,99,70.79288160130866,-83.2084687740472,170.0,0.0,3,SIMULATED,SIMULATED,SIMULATED,SIMULATED
3.6,-1.4,99,62.02868456108482,-79.70371411828329,170.0,0.0,3,SIMULATED,SIMULATED,SIMULATED,SIMULATED
3.8,-1.2,99,53.09048066781603,-76.67386227305158,170.0,0.0,3,SIMULATED,SIMULATED,SIMULATED,SIMULATED
4.0,-1.0,99,43.95737410445145,-74.2658041041412,170.0,0.0,3,SIMULATED,SIMULATED,SIMULATED,SIMULATED
4.2,-0.8,99,34.659898241895476,-72.68259354200354,170.0,0.0,3,SIMULATED,SIMULATED,SIMULATED,SIMULATED
4.4,-0.6,99,25.235857428904545,-72.17476172398447,170.0,0.0,4,SIMULATED,SIMULATED,SIMULATED,SIMULATED
4.6,-0.4,99,15.873914860220598,-73.19715579338084,170.0,0.0,4,SIMULATED,SIMULATED,SIMULATED,SIMULATED
4.8,-0.2,99,6.93072327658763,-76.15889993023394,170.0,0.0,4,SIMULATED,SIMULATED,SIMULATED,SIMULATED
5.0,0.0,99,-14.735600264713227,-66.25375652933243,170.0,0.0,4,SIMULATED,SIMULATED,SIMULATED,SIMULATED
5.2,0.2,99,-22.499737687161073,-73.87176623315777,147.33,-3.211,4,SIMULATED,SIMULATED,SIMULATED,SIMULATED
5.4,0.4,99,-28.163786352260807,-80.982131872958,124.67,-3.209,4,SIMULATED,SIMULATED,SIMULATED,SIMULATED
5.6,0.6,99,-31.794386654374712,-86.54748842186328,102.0,-3.211,4,SIMULATED,SIMULATED,SIMULATED,SIMULATED
5.8,0.8,99,-34.43059259936723,-91.00202906019085,79.33,-3.211,4,SIMULATED,SIMULATED,SIMULATED,SIMULATED
6.0,1.0,99,-36.10368572496081,-94.11457619311395,56.67,-3.209,4,SIMULATED,SIMULATED,SIMULATED,SIMULATED
6.2,1.2,99,-37.237079683066085,-96.25451988227705,34.0,-3.211,4,SIMULATED,SIMULATED,SIMULATED,SIMULATED
6.4,1.4,99,-37.61203974647947,-96.96918275270596,11.33,-3.211,4,SIMULATED,SIMULATED,SIMULATED,SIMULATED
6.6,1.6,99,-37.61203974647947,-96.96918275270596,0.0,-1.605,4,SIMULATED,SIMULATED,SIMULATED,SIMULATED
6.8,1.8,99,-37.61203974647947,-96.96918275270596,0.0,0.0,4,SIMULATED,SIMULATED,SIMULATED,SIMULATED
7.0,2.0,99,-37.61203974647947,-96.96918275270596,0.0,0.0,4,SIMULATED,SIMULATED,SIMULATED,SIMULATED
7.2,2.2,99,-37.61203974647947,-96.96918275270596,0.0,0.0,4,SIMULATED,SIMULATED,SIMULATED,SIMULATED
7.4,2.4,99,-37.61203974647947,-96.96918275270596,0.0,0.0,4,SIMULATED,SIMULATED,SIMULATED,SIMULATED
7.6,2.6,99,-37.61203974647947,-96.96918275270596,0.0,0.0,4,SIMULATED,SIMULATED,SIMULATED,SIMULATED
7.8,2.8,99,-37.61203974647947,-96.96918275270596,0.0,0.0,4,SIMULATED,SIMULATED,SIMULATED,SIMULATED
8.0,3.0,99,-37.61203974647947,-96.96918275270596,0.0,0.0,4,SIMULATED,SIMULATED,SIMULATED,SIMULATED
8.2,3.2,99,-37.61203974647947,-96.96918275270596,0.0,0.0,4,SIMULATED,SIMULATED,SIMULATED,SIMULATED
8.4,3.4,99,-37.61203974647947,-96.96918275270596,0.0,0.0,4,SIMULATED,SIMULATED,SIMULATED,SIMULATED
8.6,3.6,99,-37.61203974647947,-96.96918275270596,0.0,0.0,4,SIMULATED,SIMULATED,SIMULATED,SIMULATED
8.8,3.8,99,-37.61203974647947,-96.96918275270596,0.0,0.0,4,SIMULATED,SIMULATED,SIMULATED,SIMULATED
9.0,4.0,99,-37.61203974647947,-96.96918275270596,0.0,0.0,4,SIMULATED,SIMULATED,SIMULATED,SIMULATED
9.2,4.2,99,-37.61203974647947,-96.96918275270596,0.0,0.0,4,SIMULATED,SIMULATED,SIMULATED,SIMULATED
9.4,4.4,99,-37.61203974647947,-96.96918275270596,0.0,0.0,4,SIMULATED,SIMULATED,SIMULATED,SIMULATED
9.6,4.6,99,-37.61203974647947,-96.96918275270596,0.0,0.0,4,SIMULATED,SIMULATED,SIMULATED,SIMULATED
9.8,4.8,99,-37.61203974647947,-96.96918275270596,0.0,0.0,4,SIMULATED,SIMULATED,SIMULATED,SIMULATED
10.0,5.0,99,-37.61203974647947,-96.96918275270596,0.0,0.0,4,SIMULATED,SIMULATED,SIMULATED,SIMULATED
10.2,5.2,99,-37.61203974647947,-96.96918275270596,0.0,0.0,4,SIMULATED,SIMULATED,SIMULATED,SIMULATED
10.4,5.4,99,-37.61203974647947,-96.96918275270596,0.0,0.0,4,SIMULATED,SIMULATED,SIMULATED,SIMULATED
10.6,5.6,99,-37.61203974647947,-96.96918275270596,0.0,0.0,4,SIMULATED,SIMULATED,SIMULATED,SIMULATED
10.8,5.8,99,-37.61203974647947,-96.96918275270596,0.0,0.0,4,SIMULATED,SIMULATED,SIMULATED,SIMULATED
11.0,6.0,99,-37.61203974647947,-96.96918275270596,0.0,0.0,4,SIMULATED,SIMULATED,SIMULATED,SIMULATED
11.2,6.2,99,-37.61203974647947,-96.96918275270596,0.0,0.0,4,SIMULATED,SIMULATED,SIMULATED,SIMULATED
11.4,6.4,99,-37.61203974647947,-96.96918275270596,0.0,0.0,4,SIMULATED,SIMULATED,SIMULATED,SIMULATED
11.6,6.6,99,-37.61203974647947,-96.96918275270596,0.0,0.0,4,SIMULATED,SIMULATED,SIMULATED,SIMULATED
11.8,6.8,99,-37.61203974647947,-96.96918275270596,0.0,0.0,4,SIMULATED,SIMULATED,SIMULATED,SIMULATED
12.0,7.0,99,-37.61203974647947,-96.96918275270596,0.0,0.0,4,SIMULATED,SIMULATED,SIMULATED,SIMULATED
12.2,7.2,99,-37.61203974647947,-96.96918275270596,0.0,0.0,4,SIMULATED,SIMULATED,SIMULATED,SIMULATED
12.4,7.4,99,-37.61203974647947,-96.96918275270596,0.0,0.0,4,SIMULATED,SIMULATED,SIMULATED,SIMULATED
12.6,7.6,99,-37.61203974647947,-96.96918275270596,0.0,0.0,4,SIMULATED,SIMULATED,SIMULATED,SIMULATED
12.8,7.8,99,-37.61203974647947,-96.96918275270596,0.0,0.0,4,SIMULATED,SIMULATED,SIMULATED,SIMULATED
13.0,8.0,99,-37.61203974647947,-96.96918275270596,0.0,0.0,4,SIMULATED,SIMULATED,SIMULATED,SIMULATED
13.2,8.2,99,-37.61203974647947,-96.96918275270596,0.0,0.0,4,SIMULATED,SIMULATED,SIMULATED,SIMULATED
13.4,8.4,99,-37.61203974647947,-96.96918275270596,0.0,0.0,4,SIMULATED,SIMULATED,SIMULATED,SIMULATED
13.6,8.6,99,-37.61203974647947,-96.96918275270596,0.0,0.0,4,SIMULATED,SIMULATED,SIMULATED,SIMULATED
13.8,8.8,99,-37.61203974647947,-96.96918275270596,0.0,0.0,4,SIMULATED,SIMULATED,SIMULATED,SIMULATED
14.0,9.0,99,-37.61203974647947,-96.96918275270596,0.0,0.0,4,SIMULATED,SIMULATED,SIMULATED,SIMULATED
14.2,9.2,99,-37.61203974647947,-96.96918275270596,0.0,0.0,4,SIMULATED,SIMULATED,SIMULATED,SIMULATED
14.4,9.4,99,-37.61203974647947,-96.96918275270596,0.0,0.0,4,SIMULATED,SIMULATED,SIMULATED,SIMULATED
14.6,9.6,99,-37.61203974647947,-96.96918275270596,0.0,0.0,4,SIMULATED,SIMULATED,SIMULATED,SIMULATED
14.8,9.8,99,-37.61203974647947,-96.96918275270596,0.0,0.0,4,SIMULATED,SIMULATED,SIMULATED,SIMULATED
15.0,10.0,99,-37.61203974647947,-96.96918275270596,0.0,0.0,4,SIMULATED,SIMULATED,SIMULATED,SIMULATED
15.2,10.2,99,-37.61203974647947,-96.96918275270596,0.0,0.0,4,SIMULATED,SIMULATED,SIMULATED,SIMULATED
15.4,10.4,99,-37.61203974647947,-96.96918275270596,0.0,0.0,4,SIMULATED,SIMULATED,SIMULATED,SIMULATED
15.6,10.6,99,-37.61203974647947,-96.96918275270596,0.0,0.0,4,SIMULATED,SIMULATED,SIMULATED,SIMULATED
15.8,10.8,99,-37.61203974647947,-96.96918275270596,0.0,0.0,4,SIMULATED,SIMULATED,SIMULATED,SIMULATED
16.0,11.0,99,-37.61203974647947,-96.96918275270596,0.0,0.0,4,SIMULATED,SIMULATED,SIMULATED,SIMULATED
16.2,11.2,99,-37.61203974647947,-96.96918275270596,0.0,0.0,4,SIMULATED,SIMULATED,SIMULATED,SIMULATED
16.4,11.4,99,-37.61203974647947,-96.96918275270596,0.0,0.0,4,SIMULATED,SIMULATED,SIMULATED,SIMULATED
16.6,11.6,99,-37.61203974647947,-96.96918275270596,0.0,0.0,4,SIMULATED,SIMULATED,SIMULATED,SIMULATED
16.8,11.8,99,-37.61203974647947,-96.96918275270596,0.0,0.0,4,SIMULATED,SIMULATED,SIMULATED,SIMULATED
17.0,12.0,99,-37.61203974647947,-96.96918275270596,0.0,0.0,4,SIMULATED,SIMULATED,SIMULATED,SIMULATED
17.2,12.2,99,-37.61203974647947,-96.96918275270596,0.0,0.0,4,SIMULATED,SIMULATED,SIMULATED,SIMULATED
17.4,12.4,99,-37.61203974647947,-96.96918275270596,0.0,0.0,4,SIMULATED,SIMULATED,SIMULATED,SIMULATED
17.6,12.6,99,-37.61203974647947,-96.96918275270596,0.0,0.0,4,SIMULATED,SIMULATED,SIMULATED,SIMULATED
17.8,12.8,99,-37.61203974647947,-96.96918275270596,0.0,0.0,4,SIMULATED,SIMULATED,SIMULATED,SIMULATED
18.0,13.0,99,-37.61203974647947,-96.96918275270596,0.0,0.0,4,SIMULATED,SIMULATED,SIMULATED,SIMULATED
18.2,13.2,99,-37.61203974647947,-96.96918275270596,0.0,0.0,4,SIMULATED,SIMULATED,SIMULATED,SIMULATED
18.4,13.4,99,-37.61203974647947,-96.96918275270596,0.0,0.0,4,SIMULATED,SIMULATED,SIMULATED,SIMULATED
18.6,13.6,99,-37.61203974647947,-96.96918275270596,0.0,0.0,4,SIMULATED,SIMULATED,SIMULATED,SIMULATED
18.8,13.8,99,-37.61203974647947,-96.96918275270596,0.0,0.0,4,SIMULATED,SIMULATED,SIMULATED,SIMULATED
19.0,14.0,99,-37.61203974647947,-96.96918275270596,0.0,0.0,4,SIMULATED,SIMULATED,SIMULATED,SIMULATED
19.2,14.2,99,-37.61203974647947,-96.96918275270596,0.0,0.0,4,SIMULATED,SIMULATED,SIMULATED,SIMULATED
19.4,14.4,99,-37.61203974647947,-96.96918275270596,0.0,0.0,4,SIMULATED,SIMULATED,SIMULATED,SIMULATED
19.6,14.6,99,-37.61203974647947,-96.96918275270596,0.0,0.0,4,SIMULATED,SIMULATED,SIMULATED,SIMULATED
19.8,14.8,99,-37.61203974647947,-96.96918275270596,0.0,0.0,4,SIMULATED,SIMULATED,SIMULATED,SIMULATED
20.0,15.0,99,-37.61203974647947,-96.96918275270596,0.0,0.0,4,SIMULATED,SIMULATED,SIMULATED,SIMULATED
20.2,15.2,99,-37.61203974647947,-96.96918275270596,0.0,0.0,4,SIMULATED,SIMULATED,SIMULATED,SIMULATED
20.4,15.4,99,-37.61203974647947,-96.96918275270596,0.0,0.0,4,SIMULATED,SIMULATED,SIMULATED,SIMULATED
20.6,15.6,99,-37.61203974647947,-96.96918275270596,0.0,0.0,4,SIMULATED,SIMULATED,SIMULATED,SIMULATED
20.8,15.8,99,-37.61203974647947,-96.96918275270596,0.0,0.0,4,SIMULATED,SIMULATED,SIMULATED,SIMULATED
21.0,16.0,99,-37.61203974647947,-96.96918275270596,0.0,0.0,4,SIMULATED,SIMULATED,SIMULATED,SIMULATED
21.2,16.2,99,-37.61203974647947,-96.96918275270596,0.0,0.0,4,SIMULATED,SIMULATED,SIMULATED,SIMULATED
21.4,16.4,99,-37.61203974647947,-96.96918275270596,0.0,0.0,4,SIMULATED,SIMULATED,SIMULATED,SIMULATED
21.6,16.6,99,-37.61203974647947,-96.96918275270596,0.0,0.0,4,SIMULATED,SIMULATED,SIMULATED,SIMULATED
21.8,16.8,99,-37.61203974647947,-96.96918275270596,0.0,0.0,4,SIMULATED,SIMULATED,SIMULATED,SIMULATED
22.0,17.0,99,-37.61203974647947,-96.96918275270596,0.0,0.0,4,SIMULATED,SIMULATED,SIMULATED,SIMULATED
22.2,17.2,99,-37.61203974647947,-96.96918275270596,0.0,0.0,4,SIMULATED,SIMULATED,SIMULATED,SIMULATED
22.4,17.4,99,-37.61203974647947,-96.96918275270596,0.0,0.0,4,SIMULATED,SIMULATED,SIMULATED,SIMULATED
22.6,17.6,99,-37.61203974647947,-96.96918275270596,0.0,0.0,4,SIMULATED,SIMULATED,SIMULATED,SIMULATED
22.8,17.8,99,-37.61203974647947,-96.96918275270596,0.0,0.0,4,SIMULATED,SIMULATED,SIMULATED,SIMULATED
23.0,18.0,99,-37.61203974647947,-96.96918275270596,0.0,0.0,4,SIMULATED,SIMULATED,SIMULATED,SIMULATED
23.2,18.2,99,-37.61203974647947,-96.96918275270596,0.0,0.0,4,SIMULATED,SIMULATED,SIMULATED,SIMULATED
23.4,18.4,99,-37.61203974647947,-96.96918275270596,0.0,0.0,4,SIMULATED,SIMULATED,SIMULATED,SIMULATED
23.6,18.6,99,-37.61203974647947,-96.96918275270596,0.0,0.0,4,SIMULATED,SIMULATED,SIMULATED,SIMULATED
23.8,18.8,99,-37.61203974647947,-96.96918275270596,0.0,0.0,4,SIMULATED,SIMULATED,SIMULATED,SIMULATED
24.0,19.0,99,-37.61203974647947,-96.96918275270596,0.0,0.0,4,SIMULATED,SIMULATED,SIMULATED,SIMULATED
24.2,19.2,99,-37.61203974647947,-96.96918275270596,0.0,0.0,4,SIMULATED,SIMULATED,SIMULATED,SIMULATED
24.4,19.4,99,-37.61203974647947,-96.96918275270596,0.0,0.0,4,SIMULATED,SIMULATED,SIMULATED,SIMULATED
24.6,19.6,99,-37.61203974647947,-96.96918275270596,0.0,0.0,4,SIMULATED,SIMULATED,SIMULATED,SIMULATED
24.8,19.8,99,-37.61203974647947,-96.96918275270596,0.0,0.0,4,SIMULATED,SIMULATED,SIMULATED,SIMULATED
25.0,20.0,99,-37.61203974647947,-96.96918275270596,0.0,0.0,4,SIMULATED,SIMULATED,SIMULATED,SIMULATED
25.2,20.2,99,-37.61203974647947,-96.96918275270596,0.0,0.0,4,SIMULATED,SIMULATED,SIMULATED,SIMULATED
25.4,20.4,99,-37.61203974647947,-96.96918275270596,0.0,0.0,4,SIMULATED,SIMULATED,SIMULATED,SIMULATED
25.6,20.6,99,-37.61203974647947,-96.96918275270596,0.0,0.0,4,SIMULATED,SIMULATED,SIMULATED,SIMULATED
25.8,20.8,99,-37.61203974647947,-96.96918275270596,0.0,0.0,4,SIMULATED,SIMULATED,SIMULATED,SIMULATED
26.0,21.0,99,-37.61203974647947,-96.96918275270596,0.0,0.0,4,SIMULATED,SIMULATED,SIMULATED,SIMULATED
26.2,21.2,99,-37.61203974647947,-96.96918275270596,0.0,0.0,4,SIMULATED,SIMULATED,SIMULATED,SIMULATED
26.4,21.4,99,-37.61203974647947,-96.96918275270596,0.0,0.0,4,SIMULATED,SIMULATED,SIMULATED,SIMULATED
26.6,21.6,99,-37.61203974647947,-96.96918275270596,0.0,0.0,4,SIMULATED,SIMULATED,SIMULATED,SIMULATED
26.8,21.8,99,-37.61203974647947,-96.96918275270596,0.0,0.0,4,SIMULATED,SIMULATED,SIMULATED,SIMULATED
27.0,22.0,99,-37.61203974647947,-96.96918275270596,0.0,0.0,4,SIMULATED,SIMULATED,SIMULATED,SIMULATED
27.2,22.2,99,-37.61203974647947,-96.96918275270596,0.0,0.0,4,SIMULATED,SIMULATED,SIMULATED,SIMULATED
27.4,22.4,99,-37.61203974647947,-96.96918275270596,0.0,0.0,4,SIMULATED,SIMULATED,SIMULATED,SIMULATED
27.6,22.6,99,-37.61203974647947,-96.96918275270596,0.0,0.0,4,SIMULATED,SIMULATED,SIMULATED,SIMULATED
27.8,22.8,99,-37.61203974647947,-96.96918275270596,0.0,0.0,4,SIMULATED,SIMULATED,SIMULATED,SIMULATED
28.0,23.0,99,-37.61203974647947,-96.96918275270596,0.0,0.0,4,SIMULATED,SIMULATED,SIMULATED,SIMULATED
28.2,23.2,99,-37.61203974647947,-96.96918275270596,0.0,0.0,4,SIMULATED,SIMULATED,SIMULATED,SIMULATED
28.4,23.4,99,-37.61203974647947,-96.96918275270596,0.0,0.0,4,SIMULATED,SIMULATED,SIMULATED,SIMULATED
28.6,23.6,99,-37.61203974647947,-96.96918275270596,0.0,0.0,4,SIMULATED,SIMULATED,SIMULATED,SIMULATED
28.8,23.8,99,-37.61203974647947,-96.96918275270596,0.0,0.0,4,SIMULATED,SIMULATED,SIMULATED,SIMULATED
29.0,24.0,99,-37.61203974647947,-96.96918275270596,0.0,0.0,4,SIMULATED,SIMULATED,SIMULATED,SIMULATED
29.2,24.2,99,-37.61203974647947,-96.96918275270596,0.0,0.0,4,SIMULATED,SIMULATED,SIMULATED,SIMULATED
29.4,24.4,99,-37.61203974647947,-96.96918275270596,0.0,0.0,4,SIMULATED,SIMULATED,SIMULATED,SIMULATED
29.6,24.6,99,-37.61203974647947,-96.96918275270596,0.0,0.0,4,SIMULATED,SIMULATED,SIMULATED,SIMULATED
29.8,24.8,99,-37.61203974647947,-96.96918275270596,0.0,0.0,4,SIMULATED,SIMULATED,SIMULATED,SIMULATED
30.0,25.0,99,-37.61203974647947,-96.96918275270596,0.0,0.0,4,SIMULATED,SIMULATED,SIMULATED,SIMULATED
30.2,25.2,99,-37.61203974647947,-96.96918275270596,0.0,0.0,4,SIMULATED,SIMULATED,SIMULATED,SIMULATED
30.4,25.4,99,-37.61203974647947,-96.96918275270596,0.0,0.0,4,SIMULATED,SIMULATED,SIMULATED,SIMULATED
30.6,25.6,99,-37.61203974647947,-96.96918275270596,0.0,0.0,4,SIMULATED,SIMULATED,SIMULATED,SIMULATED
30.8,25.8,99,-37.61203974647947,-96.96918275270596,0.0,0.0,4,SIMULATED,SIMULATED,SIMULATED,SIMULATED
31.0,26.0,99,-37.61203974647947,-96.96918275270596,0.0,0.0,4,SIMULATED,SIMULATED,SIMULATED,SIMULATED
31.2,26.2,99,-37.61203974647947,-96.96918275270596,0.0,0.0,4,SIMULATED,SIMULATED,SIMULATED,SIMULATED
31.4,26.4,99,-37.61203974647947,-96.96918275270596,0.0,0.0,4,SIMULATED,SIMULATED,SIMULATED,SIMULATED
31.6,26.6,99,-37.61203974647947,-96.96918275270596,0.0,0.0,4,SIMULATED,SIMULATED,SIMULATED,SIMULATED
31.8,26.8,99,-37.61203974647947,-96.96918275270596,0.0,0.0,4,SIMULATED,SIMULATED,SIMULATED,SIMULATED
32.0,27.0,99,-37.61203974647947,-96.96918275270596,0.0,0.0,4,SIMULATED,SIMULATED,SIMULATED,SIMULATED
32.2,27.2,99,-37.61203974647947,-96.96918275270596,0.0,0.0,4,SIMULATED,SIMULATED,SIMULATED,SIMULATED
32.4,27.4,99,-37.61203974647947,-96.96918275270596,0.0,0.0,4,SIMULATED,SIMULATED,SIMULATED,SIMULATED
32.6,27.6,99,-37.61203974647947,-96.96918275270596,0.0,0.0,4,SIMULATED,SIMULATED,SIMULATED,SIMULATED
32.8,27.8,99,-37.61203974647947,-96.96918275270596,0.0,0.0,4,SIMULATED,SIMULATED,SIMULATED,SIMULATED
33.0,28.0,99,-37.61203974647947,-96.96918275270596,0.0,0.0,4,SIMULATED,SIMULATED,SIMULATED,SIMULATED
33.2,28.2,99,-37.61203974647947,-96.96918275270596,0.0,0.0,4,SIMULATED,SIMULATED,SIMULATED,SIMULATED
33.4,28.4,99,-37.61203974647947,-96.96918275270596,0.0,0.0,4,SIMULATED,SIMULATED,SIMULATED,SIMULATED
33.6,28.6,99,-37.61203974647947,-96.96918275270596,0.0,0.0,4,SIMULATED,SIMULATED,SIMULATED,SIMULATED
33.8,28.8,99,-37.61203974647947,-96.96918275270596,0.0,0.0,4,SIMULATED,SIMULATED,SIMULATED,SIMULATED
34.0,29.0,99,-37.61203974647947,-96.96918275270596,0.0,0.0,4,SIMULATED,SIMULATED,SIMULATED,SIMULATED
34.2,29.2,99,-37.61203974647947,-96.96918275270596,0.0,0.0,4,SIMULATED,SIMULATED,SIMULATED,SIMULATED
34.4,29.4,99,-37.61203974647947,-96.96918275270596,0.0,0.0,4,SIMULATED,SIMULATED,SIMULATED,SIMULATED
34.6,29.6,99,-37.61203974647947,-96.96918275270596,0.0,0.0,4,SIMULATED,SIMULATED,SIMULATED,SIMULATED
34.8,29.8,99,-37.61203974647947,-96.96918275270596,0.0,0.0,4,SIMULATED,SIMULATED,SIMULATED,SIMULATED
35.0,30.0,99,-37.61203974647947,-96.96918275270596,0.0,0.0,4,SIMULATED,SIMULATED,SIMULATED,SIMULATED
35.2,30.2,99,-37.61203974647947,-96.96918275270596,0.0,0.0,4,SIMULATED,SIMULATED,SIMULATED,SIMULATED
35.4,30.4,99,-37.61203974647947,-96.96918275270596,0.0,0.0,4,SIMULATED,SIMULATED,SIMULATED,SIMULATED
35.6,30.6,99,-37.61203974647947,-96.96918275270596,0.0,0.0,4,SIMULATED,SIMULATED,SIMULATED,SIMULATED
35.8,30.8,99,-37.61203974647947,-96.96918275270596,0.0,0.0,4,SIMULATED,SIMULATED,SIMULATED,SIMULATED
36.0,31.0,99,-37.61203974647947,-96.96918275270596,0.0,0.0,4,SIMULATED,SIMULATED,SIMULATED,SIMULATED
36.2,31.2,99,-37.61203974647947,-96.96918275270596,0.0,0.0,4,SIMULATED,SIMULATED,SIMULATED,SIMULATED
36.4,31.4,99,-37.61203974647947,-96.96918275270596,0.0,0.0,4,SIMULATED,SIMULATED,SIMULATED,SIMULATED
36.6,31.6,99,-37.61203974647947,-96.96918275270596,0.0,0.0,4,SIMULATED,SIMULATED,SIMULATED,SIMULATED
36.8,31.8,99,-37.61203974647947,-96.96918275270596,0.0,0.0,4,SIMULATED,SIMULATED,SIMULATED,SIMULATED
37.0,32.0,99,-37.61203974647947,-96.96918275270596,0.0,0.0,4,SIMULATED,SIMULATED,SIMULATED,SIMULATED
37.2,32.2,99,-37.61203974647947,-96.96918275270596,0.0,0.0,4,SIMULATED,SIMULATED,SIMULATED,SIMULATED
37.4,32.4,99,-37.61203974647947,-96.96918275270596,0.0,0.0,4,SIMULATED,SIMULATED,SIMULATED,SIMULATED
37.6,32.6,99,-37.61203974647947,-96.96918275270596,0.0,0.0,4,SIMULATED,SIMULATED,SIMULATED,SIMULATED
37.8,32.8,99,-37.61203974647947,-96.96918275270596,0.0,0.0,4,SIMULATED,SIMULATED,SIMULATED,SIMULATED
38.0,33.0,99,-37.61203974647947,-96.96918275270596,0.0,0.0,4,SIMULATED,SIMULATED,SIMULATED,SIMULATED
38.2,33.2,99,-37.61203974647947,-96.96918275270596,0.0,0.0,4,SIMULATED,SIMULATED,SIMULATED,SIMULATED
38.4,33.4,99,-37.61203974647947,-96.96918275270596,0.0,0.0,4,SIMULATED,SIMULATED,SIMULATED,SIMULATED
38.6,33.6,99,-37.61203974647947,-96.96918275270596,0.0,0.0,4,SIMULATED,SIMULATED,SIMULATED,SIMULATED
38.8,33.8,99,-37.61203974647947,-96.96918275270596,0.0,0.0,4,SIMULATED,SIMULATED,SIMULATED,SIMULATED
39.0,34.0,99,-37.61203974647947,-96.96918275270596,0.0,0.0,4,SIMULATED,SIMULATED,SIMULATED,SIMULATED
39.2,34.2,99,-37.61203974647947,-96.96918275270596,0.0,0.0,4,SIMULATED,SIMULATED,SIMULATED,SIMULATED
39.4,34.4,99,-37.61203974647947,-96.96918275270596,0.0,0.0,4,SIMULATED,SIMULATED,SIMULATED,SIMULATED
39.6,34.6,99,-37.61203974647947,-96.96918275270596,0.0,0.0,4,SIMULATED,SIMULATED,SIMULATED,SIMULATED
39.8,34.8,99,-37.61203974647947,-96.96918275270596,0.0,0.0,4,SIMULATED,SIMULATED,SIMULATED,SIMULATED
40.0,35.0,99,-37.61203974647947,-96.96918275270596,0.0,0.0,4,SIMULATED,SIMULATED,SIMULATED,SIMULATED
40.2,35.2,99,-37.61203974647947,-96.96918275270596,0.0,0.0,4,SIMULATED,SIMULATED,SIMULATED,SIMULATED
40.4,35.4,99,-37.61203974647947,-96.96918275270596,0.0,0.0,4,SIMULATED,SIMULATED,SIMULATED,SIMULATED
40.6,35.6,99,-37.61203974647947,-96.96918275270596,0.0,0.0,4,SIMULATED,SIMULATED,SIMULATED,SIMULATED
40.8,35.8,99,-37.61203974647947,-96.96918275270596,0.0,0.0,4,SIMULATED,SIMULATED,SIMULATED,SIMULATED
41.0,36.0,99,-37.61203974647947,-96.96918275270596,0.0,0.0,4,SIMULATED,SIMULATED,SIMULATED,SIMULATED
41.2,36.2,99,-37.61203974647947,-96.96918275270596,0.0,0.0,4,SIMULATED,SIMULATED,SIMULATED,SIMULATED
41.4,36.4,99,-37.61203974647947,-96.96918275270596,0.0,0.0,4,SIMULATED,SIMULATED,SIMULATED,SIMULATED
41.6,36.6,99,-37.61203974647947,-96.96918275270596,0.0,0.0,4,SIMULATED,SIMULATED,SIMULATED,SIMULATED
41.8,36.8,99,-37.61203974647947,-96.96918275270596,0.0,0.0,4,SIMULATED,SIMULATED,SIMULATED,SIMULATED
42.0,37.0,99,-37.61203974647947,-96.96918275270596,0.0,0.0,4,SIMULATED,SIMULATED,SIMULATED,SIMULATED
42.2,37.2,99,-37.61203974647947,-96.96918275270596,0.0,0.0,4,SIMULATED,SIMULATED,SIMULATED,SIMULATED
42.4,37.4,99,-37.61203974647947,-96.96918275270596,0.0,0.0,4,SIMULATED,SIMULATED,SIMULATED,SIMULATED
42.6,37.6,99,-37.61203974647947,-96.96918275270596,0.0,0.0,4,SIMULATED,SIMULATED,SIMULATED,SIMULATED
42.8,37.8,99,-37.61203974647947,-96.96918275270596,0.0,0.0,4,SIMULATED,SIMULATED,SIMULATED,SIMULATED
43.0,38.0,99,-37.61203974647947,-96.96918275270596,0.0,0.0,4,SIMULATED,SIMULATED,SIMULATED,SIMULATED
43.2,38.2,99,-37.61203974647947,-96.96918275270596,0.0,0.0,4,SIMULATED,SIMULATED,SIMULATED,SIMULATED
43.4,38.4,99,-37.61203974647947,-96.96918275270596,0.0,0.0,4,SIMULATED,SIMULATED,SIMULATED,SIMULATED
43.6,38.6,99,-37.61203974647947,-96.96918275270596,0.0,0.0,4,SIMULATED,SIMULATED,SIMULATED,SIMULATED
43.8,38.8,99,-37.61203974647947,-96.96918275270596,0.0,0.0,4,SIMULATED,SIMULATED,SIMULATED,SIMULATED
44.0,39.0,99,-37.61203974647947,-96.96918275270596,0.0,0.0,4,SIMULATED,SIMULATED,SIMULATED,SIMULATED
44.2,39.2,99,-37.61203974647947,-96.96918275270596,0.0,0.0,4,SIMULATED,SIMULATED,SIMULATED,SIMULATED
44.4,39.4,99,-37.61203974647947,-96.96918275270596,0.0,0.0,4,SIMULATED,SIMULATED,SIMULATED,SIMULATED
44.6,39.6,99,-37.61203974647947,-96.96918275270596,0.0,0.0,4,SIMULATED,SIMULATED,SIMULATED,SIMULATED
44.8,39.8,99,-37.61203974647947,-96.96918275270596,0.0,0.0,4,SIMULATED,SIMULATED,SIMULATED,SIMULATED
45.0,40.0,99,-37.61203974647947,-96.96918275270596,0.0,0.0,4,SIMULATED,SIMULATED,SIMULATED,SIMULATED
45.2,40.2,99,-37.61203974647947,-96.96918275270596,0.0,0.0,4,SIMULATED,SIMULATED,SIMULATED,SIMULATED
45.4,40.4,99,-37.61203974647947,-96.96918275270596,0.0,0.0,4,SIMULATED,SIMULATED,SIMULATED,SIMULATED
45.6,40.6,99,-37.61203974647947,-96.96918275270596,0.0,0.0,4,SIMULATED,SIMULATED,SIMULATED,SIMULATED
45.8,40.8,99,-37.61203974647947,-96.96918275270596,0.0,0.0,4,SIMULATED,SIMULATED,SIMULATED,SIMULATED
46.0,41.0,99,-37.61203974647947,-96.96918275270596,0.0,0.0,4,SIMULATED,SIMULATED,SIMULATED,SIMULATED
46.2,41.2,99,-37.61203974647947,-96.96918275270596,0.0,0.0,4,SIMULATED,SIMULATED,SIMULATED,SIMULATED
46.4,41.4,99,-37.61203974647947,-96.96918275270596,0.0,0.0,4,SIMULATED,SIMULATED,SIMULATED,SIMULATED
46.6,41.6,99,-37.61203974647947,-96.96918275270596,0.0,0.0,4,SIMULATED,SIMULATED,SIMULATED,SIMULATED
46.8,41.8,99,-37.61203974647947,-96.96918275270596,0.0,0.0,4,SIMULATED,SIMULATED,SIMULATED,SIMULATED
47.0,42.0,99,-37.61203974647947,-96.96918275270596,0.0,0.0,4,SIMULATED,SIMULATED,SIMULATED,SIMULATED
47.2,42.2,99,-37.61203974647947,-96.96918275270596,0.0,0.0,4,SIMULATED,SIMULATED,SIMULATED,SIMULATED
47.4,42.4,99,-37.61203974647947,-96.96918275270596,0.0,0.0,4,SIMULATED,SIMULATED,SIMULATED,SIMULATED
47.6,42.6,99,-37.61203974647947,-96.96918275270596,0.0,0.0,4,SIMULATED,SIMULATED,SIMULATED,SIMULATED
47.8,42.8,99,-37.61203974647947,-96.96918275270596,0.0,0.0,4,SIMULATED,SIMULATED,SIMULATED,SIMULATED
48.0,43.0,99,-37.61203974647947,-96.96918275270596,0.0,0.0,4,SIMULATED,SIMULATED,SIMULATED,SIMULATED
48.2,43.2,99,-37.61203974647947,-96.96918275270596,0.0,0.0,4,SIMULATED,SIMULATED,SIMULATED,SIMULATED
48.4,43.4,99,-37.61203974647947,-96.96918275270596,0.0,0.0,4,SIMULATED,SIMULATED,SIMULATED,SIMULATED
48.6,43.6,99,-37.61203974647947,-96.96918275270596,0.0,0.0,4,SIMULATED,SIMULATED,SIMULATED,SIMULATED
48.8,43.8,99,-37.61203974647947,-96.96918275270596,0.0,0.0,4,SIMULATED,SIMULATED,SIMULATED,SIMULATED
49.0,44.0,99,-37.61203974647947,-96.96918275270596,0.0,0.0,4,SIMULATED,SIMULATED,SIMULATED,SIMULATED
49.2,44.2,99,-37.61203974647947,-96.96918275270596,0.0,0.0,4,SIMULATED,SIMULATED,SIMULATED,SIMULATED
49.4,44.4,99,-37.61203974647947,-96.96918275270596,0.0,0.0,4,SIMULATED,SIMULATED,SIMULATED,SIMULATED
49.6,44.6,99,-37.61203974647947,-96.96918275270596,0.0,0.0,4,SIMULATED,SIMULATED,SIMULATED,SIMULATED
49.8,44.8,99,-37.61203974647947,-96.96918275270596,0.0,0.0,4,SIMULATED,SIMULATED,SIMULATED,SIMULATED
50.0,45.0,99,-37.61203974647947,-96.96918275270596,0.0,0.0,4,SIMULATED,SIMULATED,SIMULATED,SIMULATED
50.2,45.2,99,-37.61203974647947,-96.96918275270596,0.0,0.0,4,SIMULATED,SIMULATED,SIMULATED,SIMULATED
50.4,45.4,99,-37.61203974647947,-96.96918275270596,0.0,0.0,4,SIMULATED,SIMULATED,SIMULATED,SIMULATED
50.6,45.6,99,-37.61203974647947,-96.96918275270596,0.0,0.0,4,SIMULATED,SIMULATED,SIMULATED,SIMULATED
50.8,45.8,99,-37.61203974647947,-96.96918275270596,0.0,0.0,4,SIMULATED,SIMULATED,SIMULATED,SIMULATED
51.0,46.0,99,-37.61203974647947,-96.96918275270596,0.0,0.0,4,SIMULATED,SIMULATED,SIMULATED,SIMULATED
51.2,46.2,99,-37.61203974647947,-96.96918275270596,0.0,0.0,4,SIMULATED,SIMULATED,SIMULATED,SIMULATED
51.4,46.4,99,-37.61203974647947,-96.96918275270596,0.0,0.0,4,SIMULATED,SIMULATED,SIMULATED,SIMULATED
51.6,46.6,99,-37.61203974647947,-96.96918275270596,0.0,0.0,4,SIMULATED,SIMULATED,SIMULATED,SIMULATED
51.8,46.8,99,-37.61203974647947,-96.96918275270596,0.0,0.0,4,SIMULATED,SIMULATED,SIMULATED,SIMULATED
52.0,47.0,99,-37.61203974647947,-96.96918275270596,0.0,0.0,4,SIMULATED,SIMULATED,SIMULATED,SIMULATED
52.2,47.2,99,-37.61203974647947,-96.96918275270596,0.0,0.0,4,SIMULATED,SIMULATED,SIMULATED,SIMULATED
52.4,47.4,99,-37.61203974647947,-96.96918275270596,0.0,0.0,4,SIMULATED,SIMULATED,SIMULATED,SIMULATED
52.6,47.6,99,-37.61203974647947,-96.96918275270596,0.0,0.0,4,SIMULATED,SIMULATED,SIMULATED,SIMULATED
52.8,47.8,99,-37.61203974647947,-96.96918275270596,0.0,0.0,4,SIMULATED,SIMULATED,SIMULATED,SIMULATED
53.0,48.0,99,-37.61203974647947,-96.96918275270596,0.0,0.0,4,SIMULATED,SIMULATED,SIMULATED,SIMULATED
53.2,48.2,99,-37.61203974647947,-96.96918275270596,0.0,0.0,4,SIMULATED,SIMULATED,SIMULATED,SIMULATED
53.4,48.4,99,-37.61203974647947,-96.96918275270596,0.0,0.0,4,SIMULATED,SIMULATED,SIMULATED,SIMULATED
53.6,48.6,99,-37.61203974647947,-96.96918275270596,0.0,0.0,4,SIMULATED,SIMULATED,SIMULATED,SIMULATED
53.8,48.8,99,-37.61203974647947,-96.96918275270596,0.0,0.0,4,SIMULATED,SIMULATED,SIMULATED,SIMULATED
54.0,49.0,99,-37.61203974647947,-96.96918275270596,0.0,0.0,4,SIMULATED,SIMULATED,SIMULATED,SIMULATED
54.2,49.2,99,-37.61203974647947,-96.96918275270596,0.0,0.0,4,SIMULATED,SIMULATED,SIMULATED,SIMULATED
54.4,49.4,99,-37.61203974647947,-96.96918275270596,0.0,0.0,4,SIMULATED,SIMULATED,SIMULATED,SIMULATED
54.6,49.6,99,-37.61203974647947,-96.96918275270596,0.0,0.0,4,SIMULATED,SIMULATED,SIMULATED,SIMULATED
54.8,49.8,99,-37.61203974647947,-96.96918275270596,0.0,0.0,4,SIMULATED,SIMULATED,SIMULATED,SIMULATED
55.0,50.0,99,-37.61203974647947,-96.96918275270596,0.0,0.0,4,SIMULATED,SIMULATED,SIMULATED,SIMULATED
55.2,50.2,99,-37.61203974647947,-96.96918275270596,0.0,0.0,4,SIMULATED,SIMULATED,SIMULATED,SIMULATED
55.4,50.4,99,-37.61203974647947,-96.96918275270596,0.0,0.0,4,SIMULATED,SIMULATED,SIMULATED,SIMULATED
55.6,50.6,99,-37.61203974647947,-96.96918275270596,0.0,0.0,4,SIMULATED,SIMULATED,SIMULATED,SIMULATED
55.8,50.8,99,-37.61203974647947,-96.96918275270596,0.0,0.0,4,SIMULATED,SIMULATED,SIMULATED,SIMULATED
56.0,51.0,99,-37.61203974647947,-96.96918275270596,0.0,0.0,4,SIMULATED,SIMULATED,SIMULATED,SIMULATED
56.2,51.2,99,-37.61203974647947,-96.96918275270596,0.0,0.0,4,SIMULATED,SIMULATED,SIMULATED,SIMULATED
56.4,51.4,99,-37.61203974647947,-96.96918275270596,0.0,0.0,4,SIMULATED,SIMULATED,SIMULATED,SIMULATED
56.6,51.6,99,-37.61203974647947,-96.96918275270596,0.0,0.0,4,SIMULATED,SIMULATED,SIMULATED,SIMULATED
56.8,51.8,99,-37.61203974647947,-96.96918275270596,0.0,0.0,4,SIMULATED,SIMULATED,SIMULATED,SIMULATED
57.0,52.0,99,-37.61203974647947,-96.96918275270596,0.0,0.0,4,SIMULATED,SIMULATED,SIMULATED,SIMULATED
57.2,52.2,99,-37.61203974647947,-96.96918275270596,0.0,0.0,4,SIMULATED,SIMULATED,SIMULATED,SIMULATED
57.4,52.4,99,-37.61203974647947,-96.96918275270596,0.0,0.0,4,SIMULATED,SIMULATED,SIMULATED,SIMULATED
57.6,52.6,99,-37.61203974647947,-96.96918275270596,0.0,0.0,4,SIMULATED,SIMULATED,SIMULATED,SIMULATED
57.8,52.8,99,-37.61203974647947,-96.96918275270596,0.0,0.0,4,SIMULATED,SIMULATED,SIMULATED,SIMULATED
58.0,53.0,99,-37.61203974647947,-96.96918275270596,0.0,0.0,4,SIMULATED,SIMULATED,SIMULATED,SIMULATED
58.2,53.2,99,-37.61203974647947,-96.96918275270596,0.0,0.0,4,SIMULATED,SIMULATED,SIMULATED,SIMULATED
58.4,53.4,99,-37.61203974647947,-96.96918275270596,0.0,0.0,4,SIMULATED,SIMULATED,SIMULATED,SIMULATED
58.6,53.6,99,-37.61203974647947,-96.96918275270596,0.0,0.0,4,SIMULATED,SIMULATED,SIMULATED,SIMULATED
58.8,53.8,99,-37.61203974647947,-96.96918275270596,0.0,0.0,4,SIMULATED,SIMULATED,SIMULATED,SIMULATED
59.0,54.0,99,-37.61203974647947,-96.96918275270596,0.0,0.0,4,SIMULATED,SIMULATED,SIMULATED,SIMULATED
59.2,54.2,99,-37.61203974647947,-96.96918275270596,0.0,0.0,4,SIMULATED,SIMULATED,SIMULATED,SIMULATED
59.4,54.4,99,-37.61203974647947,-96.96918275270596,0.0,0.0,4,SIMULATED,SIMULATED,SIMULATED,SIMULATED
59.6,54.6,99,-37.61203974647947,-96.96918275270596,0.0,0.0,4,SIMULATED,SIMULATED,SIMULATED,SIMULATED
59.8,54.8,99,-37.61203974647947,-96.96918275270596,0.0,0.0,4,SIMULATED,SIMULATED,SIMULATED,SIMULATED
60.0,55.0,99,-37.61203974647947,-96.96918275270596,0.0,0.0,4,SIMULATED,SIMULATED,SIMULATED,SIMULATED
60.2,55.2,99,-37.61203974647947,-96.96918275270596,0.0,0.0,4,SIMULATED,SIMULATED,SIMULATED,SIMULATED
60.4,55.4,99,-37.61203974647947,-96.96918275270596,0.0,0.0,4,SIMULATED,SIMULATED,SIMULATED,SIMULATED
60.6,55.6,99,-37.61203974647947,-96.96918275270596,0.0,0.0,4,SIMULATED,SIMULATED,SIMULATED,SIMULATED
60.8,55.8,99,-37.61203974647947,-96.96918275270596,0.0,0.0,4,SIMULATED,SIMULATED,SIMULATED,SIMULATED
61.0,56.0,99,-37.61203974647947,-96.96918275270596,0.0,0.0,4,SIMULATED,SIMULATED,SIMULATED,SIMULATED
61.2,56.2,99,-37.61203974647947,-96.96918275270596,0.0,0.0,4,SIMULATED,SIMULATED,SIMULATED,SIMULATED
61.4,56.4,99,-37.61203974647947,-96.96918275270596,0.0,0.0,4,SIMULATED,SIMULATED,SIMULATED,SIMULATED
61.6,56.6,99,-37.61203974647947,-96.96918275270596,0.0,0.0,4,SIMULATED,SIMULATED,SIMULATED,SIMULATED
61.8,56.8,99,-37.61203974647947,-96.96918275270596,0.0,0.0,4,SIMULATED,SIMULATED,SIMULATED,SIMULATED
62.0,57.0,99,-37.61203974647947,-96.96918275270596,0.0,0.0,4,SIMULATED,SIMULATED,SIMULATED,SIMULATED
62.2,57.2,99,-37.61203974647947,-96.96918275270596,0.0,0.0,4,SIMULATED,SIMULATED,SIMULATED,SIMULATED
62.4,57.4,99,-37.61203974647947,-96.96918275270596,0.0,0.0,4,SIMULATED,SIMULATED,SIMULATED,SIMULATED
62.6,57.6,99,-37.61203974647947,-96.96918275270596,0.0,0.0,4,SIMULATED,SIMULATED,SIMULATED,SIMULATED
62.8,57.8,99,-37.61203974647947,-96.96918275270596,0.0,0.0,4,SIMULATED,SIMULATED,SIMULATED,SIMULATED
63.0,58.0,99,-37.61203974647947,-96.96918275270596,0.0,0.0,4,SIMULATED,SIMULATED,SIMULATED,SIMULATED
63.2,58.2,99,-37.61203974647947,-96.96918275270596,0.0,0.0,4,SIMULATED,SIMULATED,SIMULATED,SIMULATED
63.4,58.4,99,-37.61203974647947,-96.96918275270596,0.0,0.0,4,SIMULATED,SIMULATED,SIMULATED,SIMULATED
63.6,58.6,99,-37.61203974647947,-96.96918275270596,0.0,0.0,4,SIMULATED,SIMULATED,SIMULATED,SIMULATED
63.8,58.8,99,-37.61203974647947,-96.96918275270596,0.0,0.0,4,SIMULATED,SIMULATED,SIMULATED,SIMULATED
64.0,59.0,99,-37.61203974647947,-96.96918275270596,0.0,0.0,4,SIMULATED,SIMULATED,SIMULATED,SIMULATED
64.2,59.2,99,-37.61203974647947,-96.96918275270596,0.0,0.0,4,SIMULATED,SIMULATED,SIMULATED,SIMULATED
64.4,59.4,99,-37.61203974647947,-96.96918275270596,0.0,0.0,4,SIMULATED,SIMULATED,SIMULATED,SIMULATED
64.6,59.6,99,-37.61203974647947,-96.96918275270596,0.0,0.0,4,SIMULATED,SIMULATED,SIMULATED,SIMULATED
64.8,59.8,99,-37.61203974647947,-96.96918275270596,0.0,0.0,4,SIMULATED,SIMULATED,SIMULATED,SIMULATED
65.0,60.0,99,-37.61203974647947,-96.96918275270596,0.0,0.0,4,SIMULATED,SIMULATED,SIMULATED,SIMULATED
65.2,60.2,99,-37.61203974647947,-96.96918275270596,0.0,0.0,4,SIMULATED,SIMULATED,SIMULATED,SIMULATED
65.4,60.4,99,-37.61203974647947,-96.96918275270596,0.0,0.0,4,SIMULATED,SIMULATED,SIMULATED,SIMULATED
65.6,60.6,99,-37.61203974647947,-96.96918275270596,0.0,0.0,4,SIMULATED,SIMULATED,SIMULATED,SIMULATED
65.8,60.8,99,-37.61203974647947,-96.96918275270596,0.0,0.0,4,SIMULATED,SIMULATED,SIMULATED,SIMULATED
66.0,61.0,99,-37.61203974647947,-96.96918275270596,0.0,0.0,4,SIMULATED,SIMULATED,SIMULATED,SIMULATED
66.2,61.2,99,-37.61203974647947,-96.96918275270596,0.0,0.0,4,SIMULATED,SIMULATED,SIMULATED,SIMULATED
66.4,61.4,99,-37.61203974647947,-96.96918275270596,0.0,0.0,4,SIMULATED,SIMULATED,SIMULATED,SIMULATED
66.6,61.6,99,-37.61203974647947,-96.96918275270596,0.0,0.0,4,SIMULATED,SIMULATED,SIMULATED,SIMULATED
66.8,61.8,99,-37.61203974647947,-96.96918275270596,0.0,0.0,4,SIMULATED,SIMULATED,SIMULATED,SIMULATED
67.0,62.0,99,-37.61203974647947,-96.96918275270596,0.0,0.0,4,SIMULATED,SIMULATED,SIMULATED,SIMULATED
67.2,62.2,99,-37.61203974647947,-96.96918275270596,0.0,0.0,4,SIMULATED,SIMULATED,SIMULATED,SIMULATED
67.4,62.4,99,-37.61203974647947,-96.96918275270596,0.0,0.0,4,SIMULATED,SIMULATED,SIMULATED,SIMULATED
67.6,62.6,99,-37.61203974647947,-96.96918275270596,0.0,0.0,4,SIMULATED,SIMULATED,SIMULATED,SIMULATED
67.8,62.8,99,-37.61203974647947,-96.96918275270596,0.0,0.0,4,SIMULATED,SIMULATED,SIMULATED,SIMULATED
68.0,63.0,99,-37.61203974647947,-96.96918275270596,0.0,0.0,4,SIMULATED,SIMULATED,SIMULATED,SIMULATED
68.2,63.2,99,-37.61203974647947,-96.96918275270596,0.0,0.0,4,SIMULATED,SIMULATED,SIMULATED,SIMULATED
68.4,63.4,99,-37.61203974647947,-96.96918275270596,0.0,0.0,4,SIMULATED,SIMULATED,SIMULATED,SIMULATED
68.6,63.6,99,-37.61203974647947,-96.96918275270596,0.0,0.0,4,SIMULATED,SIMULATED,SIMULATED,SIMULATED
68.8,63.8,99,-37.61203974647947,-96.96918275270596,0.0,0.0,4,SIMULATED,SIMULATED,SIMULATED,SIMULATED
69.0,64.0,99,-37.61203974647947,-96.96918275270596,0.0,0.0,4,SIMULATED,SIMULATED,SIMULATED,SIMULATED
69.2,64.2,99,-37.61203974647947,-96.96918275270596,0.0,0.0,4,SIMULATED,SIMULATED,SIMULATED,SIMULATED
69.4,64.4,99,-37.61203974647947,-96.96918275270596,0.0,0.0,4,SIMULATED,SIMULATED,SIMULATED,SIMULATED
69.6,64.6,99,-37.61203974647947,-96.96918275270596,0.0,0.0,4,SIMULATED,SIMULATED,SIMULATED,SIMULATED
69.8,64.8,99,-37.61203974647947,-96.96918275270596,0.0,0.0,4,SIMULATED,SIMULATED,SIMULATED,SIMULATED
70.0,65.0,99,-37.61203974647947,-96.96918275270596,0.0,0.0,4,SIMULATED,SIMULATED,SIMULATED,SIMULATED
70.2,65.2,99,-37.61203974647947,-96.96918275270596,0.0,0.0,4,SIMULATED,SIMULATED,SIMULATED,SIMULATED
70.4,65.4,99,-37.61203974647947,-96.96918275270596,0.0,0.0,4,SIMULATED,SIMULATED,SIMULATED,SIMULATED
70.6,65.6,99,-37.61203974647947,-96.96918275270596,0.0,0.0,4,SIMULATED,SIMULATED,SIMULATED,SIMULATED
70.8,65.8,99,-37.61203974647947,-96.96918275270596,0.0,0.0,4,SIMULATED,SIMULATED,SIMULATED,SIMULATED
71.0,66.0,99,-37.61203974647947,-96.96918275270596,0.0,0.0,4,SIMULATED,SIMULATED,SIMULATED,SIMULATED
71.2,66.2,99,-37.61203974647947,-96.96918275270596,0.0,0.0,4,SIMULATED,SIMULATED,SIMULATED,SIMULATED
71.4,66.4,99,-37.61203974647947,-96.96918275270596,0.0,0.0,4,SIMULATED,SIMULATED,SIMULATED,SIMULATED
71.6,66.6,99,-37.61203974647947,-96.96918275270596,0.0,0.0,4,SIMULATED,SIMULATED,SIMULATED,SIMULATED
71.8,66.8,99,-37.61203974647947,-96.96918275270596,0.0,0.0,4,SIMULATED,SIMULATED,SIMULATED,SIMULATED
72.0,67.0,99,-37.61203974647947,-96.96918275270596,0.0,0.0,4,SIMULATED,SIMULATED,SIMULATED,SIMULATED
72.2,67.2,99,-37.61203974647947,-96.96918275270596,0.0,0.0,4,SIMULATED,SIMULATED,SIMULATED,SIMULATED
72.4,67.4,99,-37.61203974647947,-96.96918275270596,0.0,0.0,4,SIMULATED,SIMULATED,SIMULATED,SIMULATED
72.6,67.6,99,-37.61203974647947,-96.96918275270596,0.0,0.0,4,SIMULATED,SIMULATED,SIMULATED,SIMULATED
72.8,67.8,99,-37.61203974647947,-96.96918275270596,0.0,0.0,4,SIMULATED,SIMULATED,SIMULATED,SIMULATED
73.0,68.0,99,-37.61203974647947,-96.96918275270596,0.0,0.0,4,SIMULATED,SIMULATED,SIMULATED,SIMULATED
73.2,68.2,99,-37.61203974647947,-96.96918275270596,0.0,0.0,4,SIMULATED,SIMULATED,SIMULATED,SIMULATED
73.4,68.4,99,-37.61203974647947,-96.96918275270596,0.0,0.0,4,SIMULATED,SIMULATED,SIMULATED,SIMULATED
73.6,68.6,99,-37.61203974647947,-96.96918275270596,0.0,0.0,4,SIMULATED,SIMULATED,SIMULATED,SIMULATED
73.8,68.8,99,-37.61203974647947,-96.96918275270596,0.0,0.0,4,SIMULATED,SIMULATED,SIMULATED,SIMULATED
74.0,69.0,99,-37.61203974647947,-96.96918275270596,0.0,0.0,4,SIMULATED,SIMULATED,SIMULATED,SIMULATED
74.2,69.2,99,-37.61203974647947,-96.96918275270596,0.0,0.0,4,SIMULATED,SIMULATED,SIMULATED,SIMULATED
74.4,69.4,99,-37.61203974647947,-96.96918275270596,0.0,0.0,4,SIMULATED,SIMULATED,SIMULATED,SIMULATED
74.6,69.6,99,-37.61203974647947,-96.96918275270596,0.0,0.0,4,SIMULATED,SIMULATED,SIMULATED,SIMULATED
74.8,69.8,99,-37.61203974647947,-96.96918275270596,0.0,0.0,4,SIMULATED,SIMULATED,SIMULATED,SIMULATED
75.0,70.0,99,-37.61203974647947,-96.96918275270596,0.0,0.0,4,SIMULATED,SIMULATED,SIMULATED,SIMULATED
75.2,70.2,99,-37.61203974647947,-96.96918275270596,0.0,0.0,4,SIMULATED,SIMULATED,SIMULATED,SIMULATED
75.4,70.4,99,-37.61203974647947,-96.96918275270596,0.0,0.0,4,SIMULATED,SIMULATED,SIMULATED,SIMULATED
75.6,70.6,99,-37.61203974647947,-96.96918275270596,0.0,0.0,4,SIMULATED,SIMULATED,SIMULATED,SIMULATED
75.8,70.8,99,-37.61203974647947,-96.96918275270596,0.0,0.0,4,SIMULATED,SIMULATED,SIMULATED,SIMULATED
76.0,71.0,99,-37.61203974647947,-96.96918275270596,0.0,0.0,4,SIMULATED,SIMULATED,SIMULATED,SIMULATED
76.2,71.2,99,-37.61203974647947,-96.96918275270596,0.0,0.0,4,SIMULATED,SIMULATED,SIMULATED,SIMULATED
76.4,71.4,99,-37.61203974647947,-96.96918275270596,0.0,0.0,4,SIMULATED,SIMULATED,SIMULATED,SIMULATED
76.6,71.6,99,-37.61203974647947,-96.96918275270596,0.0,0.0,4,SIMULATED,SIMULATED,SIMULATED,SIMULATED
76.8,71.8,99,-37.61203974647947,-96.96918275270596,0.0,0.0,4,SIMULATED,SIMULATED,SIMULATED,SIMULATED
77.0,72.0,99,-37.61203974647947,-96.96918275270596,0.0,0.0,4,SIMULATED,SIMULATED,SIMULATED,SIMULATED
77.2,72.2,99,-37.61203974647947,-96.96918275270596,0.0,0.0,4,SIMULATED,SIMULATED,SIMULATED,SIMULATED
77.4,72.4,99,-37.61203974647947,-96.96918275270596,0.0,0.0,4,SIMULATED,SIMULATED,SIMULATED,SIMULATED
77.6,72.6,99,-37.61203974647947,-96.96918275270596,0.0,0.0,4,SIMULATED,SIMULATED,SIMULATED,SIMULATED
77.8,72.8,99,-37.61203974647947,-96.96918275270596,0.0,0.0,4,SIMULATED,SIMULATED,SIMULATED,SIMULATED
78.0,73.0,99,-37.61203974647947,-96.96918275270596,0.0,0.0,4,SIMULATED,SIMULATED,SIMULATED,SIMULATED
78.2,73.2,99,-37.61203974647947,-96.96918275270596,0.0,0.0,4,SIMULATED,SIMULATED,SIMULATED,SIMULATED
78.4,73.4,99,-37.61203974647947,-96.96918275270596,0.0,0.0,4,SIMULATED,SIMULATED,SIMULATED,SIMULATED
78.6,73.6,99,-37.61203974647947,-96.96918275270596,0.0,0.0,4,SIMULATED,SIMULATED,SIMULATED,SIMULATED
78.8,73.8,99,-37.61203974647947,-96.96918275270596,0.0,0.0,4,SIMULATED,SIMULATED,SIMULATED,SIMULATED
79.0,74.0,99,-37.61203974647947,-96.96918275270596,0.0,0.0,4,SIMULATED,SIMULATED,SIMULATED,SIMULATED
79.2,74.2,99,-37.61203974647947,-96.96918275270596,0.0,0.0,4,SIMULATED,SIMULATED,SIMULATED,SIMULATED
79.4,74.4,99,-37.61203974647947,-96.96918275270596,0.0,0.0,4,SIMULATED,SIMULATED,SIMULATED,SIMULATED
79.6,74.6,99,-37.61203974647947,-96.96918275270596,0.0,0.0,4,SIMULATED,SIMULATED,SIMULATED,SIMULATED
79.8,74.8,99,-37.61203974647947,-96.96918275270596,0.0,0.0,4,SIMULATED,SIMULATED,SIMULATED,SIMULATED
80.0,75.0,99,-37.61203974647947,-96.96918275270596,0.0,0.0,4,SIMULATED,SIMULATED,SIMULATED,SIMULATED
80.2,75.2,99,-37.61203974647947,-96.96918275270596,0.0,0.0,4,SIMULATED,SIMULATED,SIMULATED,SIMULATED
80.4,75.4,99,-37.61203974647947,-96.96918275270596,0.0,0.0,4,SIMULATED,SIMULATED,SIMULATED,SIMULATED
80.6,75.6,99,-37.61203974647947,-96.96918275270596,0.0,0.0,4,SIMULATED,SIMULATED,SIMULATED,SIMULATED
80.8,75.8,99,-37.61203974647947,-96.96918275270596,0.0,0.0,4,SIMULATED,SIMULATED,SIMULATED,SIMULATED
81.0,76.0,99,-37.61203974647947,-96.96918275270596,0.0,0.0,4,SIMULATED,SIMULATED,SIMULATED,SIMULATED
81.2,76.2,99,-37.61203974647947,-96.96918275270596,0.0,0.0,4,SIMULATED,SIMULATED,SIMULATED,SIMULATED
81.4,76.4,99,-37.61203974647947,-96.96918275270596,0.0,0.0,4,SIMULATED,SIMULATED,SIMULATED,SIMULATED
81.6,76.6,99,-37.61203974647947,-96.96918275270596,0.0,0.0,4,SIMULATED,SIMULATED,SIMULATED,SIMULATED
81.8,76.8,99,-37.61203974647947,-96.96918275270596,0.0,0.0,4,SIMULATED,SIMULATED,SIMULATED,SIMULATED
82.0,77.0,99,-37.61203974647947,-96.96918275270596,0.0,0.0,4,SIMULATED,SIMULATED,SIMULATED,SIMULATED
82.2,77.2,99,-37.61203974647947,-96.96918275270596,0.0,0.0,4,SIMULATED,SIMULATED,SIMULATED,SIMULATED
82.4,77.4,99,-37.61203974647947,-96.96918275270596,0.0,0.0,4,SIMULATED,SIMULATED,SIMULATED,SIMULATED
82.6,77.6,99,-37.61203974647947,-96.96918275270596,0.0,0.0,4,SIMULATED,SIMULATED,SIMULATED,SIMULATED
82.8,77.8,99,-37.61203974647947,-96.96918275270596,0.0,0.0,4,SIMULATED,SIMULATED,SIMULATED,SIMULATED
83.0,78.0,99,-37.61203974647947,-96.96918275270596,0.0,0.0,4,SIMULATED,SIMULATED,SIMULATED,SIMULATED
83.2,78.2,99,-37.61203974647947,-96.96918275270596,0.0,0.0,4,SIMULATED,SIMULATED,SIMULATED,SIMULATED
83.4,78.4,99,-37.61203974647947,-96.96918275270596,0.0,0.0,4,SIMULATED,SIMULATED,SIMULATED,SIMULATED
83.6,78.6,99,-37.61203974647947,-96.96918275270596,0.0,0.0,4,SIMULATED,SIMULATED,SIMULATED,SIMULATED
83.8,78.8,99,-37.61203974647947,-96.96918275270596,0.0,0.0,4,SIMULATED,SIMULATED,SIMULATED,SIMULATED
84.0,79.0,99,-37.61203974647947,-96.96918275270596,0.0,0.0,4,SIMULATED,SIMULATED,SIMULATED,SIMULATED
84.2,79.2,99,-37.61203974647947,-96.96918275270596,0.0,0.0,4,SIMULATED,SIMULATED,SIMULATED,SIMULATED
84.4,79.4,99,-37.61203974647947,-96.96918275270596,0.0,0.0,4,SIMULATED,SIMULATED,SIMULATED,SIMULATED
84.6,79.6,99,-37.61203974647947,-96.96918275270596,0.0,0.0,4,SIMULATED,SIMULATED,SIMULATED,SIMULATED
84.8,79.8,99,-37.61203974647947,-96.96918275270596,0.0,0.0,4,SIMULATED,SIMULATED,SIMULATED,SIMULATED
85.0,80.0,99,-37.61203974647947,-96.96918275270596,0.0,0.0,4,SIMULATED,SIMULATED,SIMULATED,SIMULATED
85.2,80.2,99,-37.61203974647947,-96.96918275270596,0.0,0.0,4,SIMULATED,SIMULATED,SIMULATED,SIMULATED
85.4,80.4,99,-37.61203974647947,-96.96918275270596,0.0,0.0,4,SIMULATED,SIMULATED,SIMULATED,SIMULATED
85.6,80.6,99,-37.61203974647947,-96.96918275270596,0.0,0.0,4,SIMULATED,SIMULATED,SIMULATED,SIMULATED
85.8,80.8,99,-37.61203974647947,-96.96918275270596,0.0,0.0,4,SIMULATED,SIMULATED,SIMULATED,SIMULATED
86.0,81.0,99,-37.61203974647947,-96.96918275270596,0.0,0.0,4,SIMULATED,SIMULATED,SIMULATED,SIMULATED
86.2,81.2,99,-37.61203974647947,-96.96918275270596,0.0,0.0,4,SIMULATED,SIMULATED,SIMULATED,SIMULATED
86.4,81.4,99,-37.61203974647947,-96.96918275270596,0.0,0.0,4,SIMULATED,SIMULATED,SIMULATED,SIMULATED
86.6,81.6,99,-37.61203974647947,-96.96918275270596,0.0,0.0,4,SIMULATED,SIMULATED,SIMULATED,SIMULATED
86.8,81.8,99,-37.61203974647947,-96.96918275270596,0.0,0.0,4,SIMULATED,SIMULATED,SIMULATED,SIMULATED
87.0,82.0,99,-37.61203974647947,-96.96918275270596,0.0,0.0,4,SIMULATED,SIMULATED,SIMULATED,SIMULATED
87.2,82.2,99,-37.61203974647947,-96.96918275270596,0.0,0.0,4,SIMULATED,SIMULATED,SIMULATED,SIMULATED
87.4,82.4,99,-37.61203974647947,-96.96918275270596,0.0,0.0,4,SIMULATED,SIMULATED,SIMULATED,SIMULATED
87.6,82.6,99,-37.61203974647947,-96.96918275270596,0.0,0.0,4,SIMULATED,SIMULATED,SIMULATED,SIMULATED
87.8,82.8,99,-37.61203974647947,-96.96918275270596,0.0,0.0,4,SIMULATED,SIMULATED,SIMULATED,SIMULATED
88.0,83.0,99,-37.61203974647947,-96.96918275270596,0.0,0.0,4,SIMULATED,SIMULATED,SIMULATED,SIMULATED
88.2,83.2,99,-37.61203974647947,-96.96918275270596,0.0,0.0,4,SIMULATED,SIMULATED,SIMULATED,SIMULATED
88.4,83.4,99,-37.61203974647947,-96.96918275270596,0.0,0.0,4,SIMULATED,SIMULATED,SIMULATED,SIMULATED
88.6,83.6,99,-37.61203974647947,-96.96918275270596,0.0,0.0,4,SIMULATED,SIMULATED,SIMULATED,SIMULATED
88.8,83.8,99,-37.61203974647947,-96.96918275270596,0.0,0.0,4,SIMULATED,SIMULATED,SIMULATED,SIMULATED
89.0,84.0,99,-37.61203974647947,-96.96918275270596,0.0,0.0,4,SIMULATED,SIMULATED,SIMULATED,SIMULATED
89.2,84.2,99,-37.61203974647947,-96.96918275270596,0.0,0.0,4,SIMULATED,SIMULATED,SIMULATED,SIMULATED
89.4,84.4,99,-37.61203974647947,-96.96918275270596,0.0,0.0,4,SIMULATED,SIMULATED,SIMULATED,SIMULATED
89.6,84.6,99,-37.61203974647947,-96.96918275270596,0.0,0.0,4,SIMULATED,SIMULATED,SIMULATED,SIMULATED
89.8,84.8,99,-37.61203974647947,-96.96918275270596,0.0,0.0,4,SIMULATED,SIMULATED,SIMULATED,SIMULATED
90.0,85.0,99,-37.61203974647947,-96.96918275270596,0.0,0.0,4,SIMULATED,SIMULATED,SIMULATED,SIMULATED
90.2,85.2,99,-37.61203974647947,-96.96918275270596,0.0,0.0,4,SIMULATED,SIMULATED,SIMULATED,SIMULATED
90.4,85.4,99,-37.61203974647947,-96.96918275270596,0.0,0.0,4,SIMULATED,SIMULATED,SIMULATED,SIMULATED
90.6,85.6,99,-37.61203974647947,-96.96918275270596,0.0,0.0,4,SIMULATED,SIMULATED,SIMULATED,SIMULATED
90.8,85.8,99,-37.61203974647947,-96.96918275270596,0.0,0.0,4,SIMULATED,SIMULATED,SIMULATED,SIMULATED
91.0,86.0,99,-37.61203974647947,-96.96918275270596,0.0,0.0,4,SIMULATED,SIMULATED,SIMULATED,SIMULATED
91.2,86.2,99,-37.61203974647947,-96.96918275270596,0.0,0.0,4,SIMULATED,SIMULATED,SIMULATED,SIMULATED
91.4,86.4,99,-37.61203974647947,-96.96918275270596,0.0,0.0,4,SIMULATED,SIMULATED,SIMULATED,SIMULATED
91.6,86.6,99,-37.61203974647947,-96.96918275270596,0.0,0.0,4,SIMULATED,SIMULATED,SIMULATED,SIMULATED
91.8,86.8,99,-37.61203974647947,-96.96918275270596,0.0,0.0,4,SIMULATED,SIMULATED,SIMULATED,SIMULATED
92.0,87.0,99,-37.61203974647947,-96.96918275270596,0.0,0.0,4,SIMULATED,SIMULATED,SIMULATED,SIMULATED
92.2,87.2,99,-37.61203974647947,-96.96918275270596,0.0,0.0,4,SIMULATED,SIMULATED,SIMULATED,SIMULATED
92.4,87.4,99,-37.61203974647947,-96.96918275270596,0.0,0.0,4,SIMULATED,SIMULATED,SIMULATED,SIMULATED
92.6,87.6,99,-37.61203974647947,-96.96918275270596,0.0,0.0,4,SIMULATED,SIMULATED,SIMULATED,SIMULATED
92.8,87.8,99,-37.61203974647947,-96.96918275270596,0.0,0.0,4,SIMULATED,SIMULATED,SIMULATED,SIMULATED
93.0,88.0,99,-37.61203974647947,-96.96918275270596,0.0,0.0,4,SIMULATED,SIMULATED,SIMULATED,SIMULATED
93.2,88.2,99,-37.61203974647947,-96.96918275270596,0.0,0.0,4,SIMULATED,SIMULATED,SIMULATED,SIMULATED
93.4,88.4,99,-37.61203974647947,-96.96918275270596,0.0,0.0,4,SIMULATED,SIMULATED,SIMULATED,SIMULATED
93.6,88.6,99,-37.61203974647947,-96.96918275270596,0.0,0.0,4,SIMULATED,SIMULATED,SIMULATED,SIMULATED
93.8,88.8,99,-37.61203974647947,-96.96918275270596,0.0,0.0,4,SIMULATED,SIMULATED,SIMULATED,SIMULATED
94.0,89.0,99,-37.61203974647947,-96.96918275270596,0.0,0.0,4,SIMULATED,SIMULATED,SIMULATED,SIMULATED
94.2,89.2,99,-37.61203974647947,-96.96918275270596,0.0,0.0,4,SIMULATED,SIMULATED,SIMULATED,SIMULATED
94.4,89.4,99,-37.61203974647947,-96.96918275270596,0.0,0.0,4,SIMULATED,SIMULATED,SIMULATED,SIMULATED
94.6,89.6,99,-37.61203974647947,-96.96918275270596,0.0,0.0,4,SIMULATED,SIMULATED,SIMULATED,SIMULATED
94.8,89.8,99,-37.61203974647947,-96.96918275270596,0.0,0.0,4,SIMULATED,SIMULATED,SIMULATED,SIMULATED
95.0,90.0,99,-37.61203974647947,-96.96918275270596,0.0,0.0,4,SIMULATED,SIMULATED,SIMULATED,SIMULATED
95.0,90.0,17,742.8604946878893,-61.64927506534522,175.0,0.0,3,SIMULATED,SIMULATED,SIMULATED,SIMULATED
95.2,90.2,99,-37.61203974647947,-96.96918275270596,0.0,0.0,4,SIMULATED,SIMULATED,SIMULATED,SIMULATED
95.2,90.2,17,733.1411673049918,-61.76119325784487,175.0,0.0,3,SIMULATED,SIMULATED,SIMULATED,SIMULATED
95.4,90.4,99,-37.61203974647947,-96.96918275270596,0.0,0.0,4,SIMULATED,SIMULATED,SIMULATED,SIMULATED
95.4,90.4,17,723.4127913003655,-61.93593183567955,175.0,0.0,3,SIMULATED,SIMULATED,SIMULATED,SIMULATED
95.6,90.6,99,-37.61203974647947,-96.96918275270596,0.0,0.0,4,SIMULATED,SIMULATED,SIMULATED,SIMULATED
95.6,90.6,17,713.6963337266073,-62.195131842284376,175.0,0.0,3,SIMULATED,SIMULATED,SIMULATED,SIMULATED
95.8,90.8,99,-37.61203974647947,-96.96918275270596,0.0,0.0,4,SIMULATED,SIMULATED,SIMULATED,SIMULATED
95.8,90.8,17,703.9834686232256,-62.56476593242649,175.0,0.0,3,SIMULATED,SIMULATED,SIMULATED,SIMULATED
96.0,91.0,99,-37.61203974647947,-96.96918275270596,0.0,0.0,4,SIMULATED,SIMULATED,SIMULATED,SIMULATED
96.0,91.0,17,694.2780464535806,-63.0932178593818,175.0,0.0,3,SIMULATED,SIMULATED,SIMULATED,SIMULATED
96.2,91.2,99,-37.61203974647947,-96.96918275270596,0.0,0.0,4,SIMULATED,SIMULATED,SIMULATED,SIMULATED
96.2,91.2,17,684.5764225584778,-63.83060259715143,175.0,0.0,3,SIMULATED,SIMULATED,SIMULATED,SIMULATED
96.4,91.4,99,-37.61203974647947,-96.96918275270596,0.0,0.0,4,SIMULATED,SIMULATED,SIMULATED,SIMULATED
96.4,91.4,17,674.9076898400263,-64.82154316963467,175.0,0.0,3,SIMULATED,SIMULATED,SIMULATED,SIMULATED
96.6,91.6,99,-37.61203974647947,-96.96918275270596,0.0,0.0,4,SIMULATED,SIMULATED,SIMULATED,SIMULATED
96.6,91.6,17,665.2893390217581,-66.21264350282016,175.0,0.0,3,SIMULATED,SIMULATED,SIMULATED,SIMULATED
96.8,91.8,99,-37.61203974647947,-96.96918275270596,0.0,0.0,4,SIMULATED,SIMULATED,SIMULATED,SIMULATED
96.8,91.8,17,655.7620669283267,-68.12798630383315,175.0,0.0,3,SIMULATED,SIMULATED,SIMULATED,SIMULATED
97.0,92.0,99,-37.61203974647947,-96.96918275270596,0.0,0.0,4,SIMULATED,SIMULATED,SIMULATED,SIMULATED
97.0,92.0,17,646.4335664678678,-70.84969962039835,175.0,0.0,3,SIMULATED,SIMULATED,SIMULATED,SIMULATED
97.2,92.2,99,-37.61203974647947,-96.96918275270596,0.0,0.0,4,SIMULATED,SIMULATED,SIMULATED,SIMULATED
97.2,92.2,17,637.3633570290011,-74.36075366876722,175.0,0.0,3,SIMULATED,SIMULATED,SIMULATED,SIMULATED
97.4,92.4,99,-37.61203974647947,-96.96918275270596,0.0,0.0,4,SIMULATED,SIMULATED,SIMULATED,SIMULATED
97.4,92.4,17,628.6495381190116,-78.65879478532702,175.0,0.0,3,SIMULATED,SIMULATED,SIMULATED,SIMULATED
97.6,92.6,99,-37.61203974647947,-96.96918275270596,0.0,0.0,4,SIMULATED,SIMULATED,SIMULATED,SIMULATED
97.6,92.6,17,620.3424719009463,-83.6998416289865,175.0,0.0,3,SIMULATED,SIMULATED,SIMULATED,SIMULATED
97.8,92.8,99,-37.61203974647947,-96.96918275270596,0.0,0.0,4,SIMULATED,SIMULATED,SIMULATED,SIMULATED
97.8,92.8,17,612.4659681693164,-89.3915022278773,175.0,0.0,3,SIMULATED,SIMULATED,SIMULATED,SIMULATED
98.0,93.0,99,-37.61203974647947,-96.96918275270596,0.0,0.0,4,SIMULATED,SIMULATED,SIMULATED,SIMULATED
98.0,93.0,17,604.9496163177852,-95.56796759311341,175.0,0.0,3,SIMULATED,SIMULATED,SIMULATED,SIMULATED
98.2,93.2,99,-37.61203974647947,-96.96918275270596,0.0,0.0,4,SIMULATED,SIMULATED,SIMULATED,SIMULATED
98.2,93.2,17,597.7070496180264,-102.04982033725462,175.0,0.0,3,SIMULATED,SIMULATED,SIMULATED,SIMULATED
98.4,93.4,99,-37.61203974647947,-96.96918275270596,0.0,0.0,4,SIMULATED,SIMULATED,SIMULATED,SIMULATED
98.4,93.4,17,590.5686258494394,-108.64687701960253,175.0,0.0,3,SIMULATED,SIMULATED,SIMULATED,SIMULATED
98.6,93.6,99,-37.61203974647947,-96.96918275270596,0.0,0.0,4,SIMULATED,SIMULATED,SIMULATED,SIMULATED
98.6,93.6,17,583.3202555157459,-115.121986364157,175.0,0.0,3,SIMULATED,SIMULATED,SIMULATED,SIMULATED
98.8,93.8,99,-37.61203974647947,-96.96918275270596,0.0,0.0,4,SIMULATED,SIMULATED,SIMULATED,SIMULATED
98.8,93.8,17,575.7313625150987,-121.1915867839496,175.0,0.0,3,SIMULATED,SIMULATED,SIMULATED,SIMULATED
99.0,94.0,99,-37.61203974647947,-96.96918275270596,0.0,0.0,4,SIMULATED,SIMULATED,SIMULATED,SIMULATED
99.0,94.0,17,567.5664846383261,-126.47157465517878,175.0,0.0,3,SIMULATED,SIMULATED,SIMULATED,SIMULATED
99.2,94.2,99,-37.61203974647947,-96.96918275270596,0.0,0.0,4,SIMULATED,SIMULATED,SIMULATED,SIMULATED
99.2,94.2,17,558.7661044803136,-130.569088068356,175.0,0.0,3,SIMULATED,SIMULATED,SIMULATED,SIMULATED
99.4,94.4,99,-37.61203974647947,-96.96918275270596,0.0,0.0,4,SIMULATED,SIMULATED,SIMULATED,SIMULATED
99.4,94.4,17,549.4194562854298,-133.19159945620254,175.0,0.0,3,SIMULATED,SIMULATED,SIMULATED,SIMULATED
99.6,94.6,99,-37.61203974647947,-96.96918275270596,0.0,0.0,4,SIMULATED,SIMULATED,SIMULATED,SIMULATED
99.6,94.6,17,539.7634368926298,-134.1766374819731,175.0,0.0,3,SIMULATED,SIMULATED,SIMULATED,SIMULATED
99.8,94.8,99,-37.61203974647947,-96.96918275270596,0.0,0.0,4,SIMULATED,SIMULATED,SIMULATED,SIMULATED
99.8,94.8,17,530.059341103338,-133.62764965216846,175.0,0.0,3,SIMULATED,SIMULATED,SIMULATED,SIMULATED
100.0,95.0,99,-37.61203974647947,-96.96918275270596,0.0,0.0,4,SIMULATED,SIMULATED,SIMULATED,SIMULATED
100.0,95.0,17,520.4955059157849,-131.92249068143113,175.0,0.0,3,SIMULATED,SIMULATED,SIMULATED,SIMULATED
100.2,95.2,99,-37.61203974647947,-96.96918275270596,0.0,0.0,4,SIMULATED,SIMULATED,SIMULATED,SIMULATED
100.2,95.2,17,511.11027385445595,-129.40210446856565,175.0,0.0,3,SIMULATED,SIMULATED,SIMULATED,SIMULATED
100.4,95.4,99,-37.61203974647947,-96.96918275270596,0.0,0.0,4,SIMULATED,SIMULATED,SIMULATED,SIMULATED
100.4,95.4,17,501.8892804403357,-126.33047176009534,175.0,0.0,3,SIMULATED,SIMULATED,SIMULATED,SIMULATED
100.6,95.6,99,-37.61203974647947,-96.96918275270596,0.0,0.0,4,SIMULATED,SIMULATED,SIMULATED,SIMULATED
100.6,95.6,17,492.7931650918171,-122.9051929538421,175.0,0.0,3,SIMULATED,SIMULATED,SIMULATED,SIMULATED
100.8,95.8,99,-37.61203974647947,-96.96918275270596,0.0,0.0,4,SIMULATED,SIMULATED,SIMULATED,SIMULATED
100.8,95.8,17,483.766476385387,-119.27343892164605,175.0,0.0,3,SIMULATED,SIMULATED,SIMULATED,SIMULATED
101.0,96.0,99,-37.61203974647947,-96.96918275270596,0.0,0.0,4,SIMULATED,SIMULATED,SIMULATED,SIMULATED
101.0,96.0,17,474.7817200420491,-115.56501817453287,175.0,0.0,3,SIMULATED,SIMULATED,SIMULATED,SIMULATED
101.2,96.2,99,-37.61203974647947,-96.96918275270596,0.0,0.0,4,SIMULATED,SIMULATED,SIMULATED,SIMULATED
101.2,96.2,17,465.7855810263209,-111.88439262748324,175.0,0.0,3,SIMULATED,SIMULATED,SIMULATED,SIMULATED
101.4,96.4,99,-37.61203974647947,-96.96918275270596,0.0,0.0,4,SIMULATED,SIMULATED,SIMULATED,SIMULATED
101.4,96.4,17,456.7362301771228,-108.33723477101854,175.0,0.0,3,SIMULATED,SIMULATED,SIMULATED,SIMULATED
101.6,96.6,99,-37.61203974647947,-96.96918275270596,0.0,0.0,4,SIMULATED,SIMULATED,SIMULATED,SIMULATED
101.6,96.6,17,447.5847520610176,-105.03436170522157,175.0,0.0,3,SIMULATED,SIMULATED,SIMULATED,SIMULATED
101.8,96.8,99,-37.61203974647947,-96.96918275270596,0.0,0.0,4,SIMULATED,SIMULATED,SIMULATED,SIMULATED
101.8,96.8,17,438.3148081281461,-102.1159097133773,175.0,0.0,3,SIMULATED,SIMULATED,SIMULATED,SIMULATED
102.0,97.0,99,-37.61203974647947,-96.96918275270596,0.0,0.0,4,SIMULATED,SIMULATED,SIMULATED,SIMULATED
102.0,97.0,17,428.8919810084874,-99.74196893326389,175.0,0.0,3,SIMULATED,SIMULATED,SIMULATED,SIMULATED
102.2,97.2,99,-37.61203974647947,-96.96918275270596,0.0,0.0,4,SIMULATED,SIMULATED,SIMULATED,SIMULATED
102.2,97.2,17,419.3137462987529,-98.11608590781564,175.0,0.0,3,SIMULATED,SIMULATED,SIMULATED,SIMULATED
102.4,97.4,99,-37.61203974647947,-96.96918275270596,0.0,0.0,4,SIMULATED,SIMULATED,SIMULATED,SIMULATED
102.4,97.4,17,409.62221746755387,-97.48274608902287,175.0,0.0,3,SIMULATED,SIMULATED,SIMULATED,SIMULATED
102.6,97.6,99,-37.61203974647947,-96.96918275270596,0.0,0.0,4,SIMULATED,SIMULATED,SIMULATED,SIMULATED
102.6,97.6,17,399.9237364384996,-98.10726178670014,175.0,0.0,3,SIMULATED,SIMULATED,SIMULATED,SIMULATED
102.8,97.8,99,-37.61203974647947,-96.96918275270596,0.0,0.0,4,SIMULATED,SIMULATED,SIMULATED,SIMULATED
102.8,97.8,17,390.47876962474965,-100.32577151211358,175.0,0.0,3,SIMULATED,SIMULATED,SIMULATED,SIMULATED
103.0,98.0,99,-37.61203974647947,-96.96918275270596,0.0,0.0,4,SIMULATED,SIMULATED,SIMULATED,SIMULATED
103.0,98.0,17,381.58009236403126,-104.20750438589083,175.0,0.0,3,SIMULATED,SIMULATED,SIMULATED,SIMULATED
103.2,98.2,99,-37.61203974647947,-96.96918275270596,0.0,0.0,4,SIMULATED,SIMULATED,SIMULATED,SIMULATED
103.2,98.2,17,373.3476614245244,-109.36477673872409,175.0,0.0,3,SIMULATED,SIMULATED,SIMULATED,SIMULATED
103.4,98.4,99,-37.61203974647947,-96.96918275270596,0.0,0.0,4,SIMULATED,SIMULATED,SIMULATED,SIMULATED
103.4,98.4,17,365.67515013910435,-115.34360232144475,175.0,0.0,3,SIMULATED,SIMULATED,SIMULATED,SIMULATED
103.6,98.6,99,-37.61203974647947,-96.96918275270596,0.0,0.0,4,SIMULATED,SIMULATED,SIMULATED,SIMULATED
103.6,98.6,17,358.4345563087831,-121.8265616576454,175.0,0.0,3,SIMULATED,SIMULATED,SIMULATED,SIMULATED
103.8,98.8,99,-37.61203974647947,-96.96918275270596,0.0,0.0,4,SIMULATED,SIMULATED,SIMULATED,SIMULATED
103.8,98.8,17,351.4650606656838,-128.6014241960259,175.0,0.0,3,SIMULATED,SIMULATED,SIMULATED,SIMULATED
104.0,99.0,99,-37.61203974647947,-96.96918275270596,0.0,0.0,4,SIMULATED,SIMULATED,SIMULATED,SIMULATED
104.0,99.0,17,344.62489878406245,-135.5072311101807,175.0,0.0,3,SIMULATED,SIMULATED,SIMULATED,SIMULATED
104.2,99.2,99,-37.61203974647947,-96.96918275270596,0.0,0.0,4,SIMULATED,SIMULATED,SIMULATED,SIMULATED
104.2,99.2,17,337.77586640583115,-142.40420117780877,175.0,0.0,3,SIMULATED,SIMULATED,SIMULATED,SIMULATED
104.4,99.4,99,-37.61203974647947,-96.96918275270596,0.0,0.0,4,SIMULATED,SIMULATED,SIMULATED,SIMULATED
104.4,99.4,17,330.79305033307475,-149.17946702056736,175.0,0.0,3,SIMULATED,SIMULATED,SIMULATED,SIMULATED
104.6,99.6,99,-37.61203974647947,-96.96918275270596,0.0,0.0,4,SIMULATED,SIMULATED,SIMULATED,SIMULATED
104.6,99.6,17,323.58325346885607,-155.69650617435371,175.0,0.0,3,SIMULATED,SIMULATED,SIMULATED,SIMULATED
104.8,99.8,99,-37.61203974647947,-96.96918275270596,0.0,0.0,4,SIMULATED,SIMULATED,SIMULATED,SIMULATED
104.8,99.8,17,316.0416135972585,-161.82504455574247,175.0,0.0,3,SIMULATED,SIMULATED,SIMULATED,SIMULATED
105.0,100.0,99,-37.61203974647947,-96.96918275270596,0.0,0.0,4,SIMULATED,SIMULATED,SIMULATED,SIMULATED
105.0,100.0,17,308.0851123978012,-167.40418468419668,175.0,0.0,3,SIMULATED,SIMULATED,SIMULATED,SIMULATED
105.2,100.2,99,-37.61203974647947,-96.96918275270596,0.0,0.0,4,SIMULATED,SIMULATED,SIMULATED,SIMULATED
105.2,100.2,17,299.6289401911847,-172.20970533581996,175.0,0.0,3,SIMULATED,SIMULATED,SIMULATED,SIMULATED
105.4,100.4,99,-37.61203974647947,-96.96918275270596,0.0,0.0,4,SIMULATED,SIMULATED,SIMULATED,SIMULATED
105.4,100.4,17,290.71534607301635,-176.0670038261891,175.0,0.0,3,SIMULATED,SIMULATED,SIMULATED,SIMULATED
105.6,100.6,99,-37.61203974647947,-96.96918275270596,0.0,0.0,4,SIMULATED,SIMULATED,SIMULATED,SIMULATED
105.6,100.6,17,281.40552404941707,-178.82342687447073,175.0,0.0,3,SIMULATED,SIMULATED,SIMULATED,SIMULATED
105.8,100.8,99,-37.61203974647947,-96.96918275270596,0.0,0.0,4,SIMULATED,SIMULATED,SIMULATED,SIMULATED
105.8,100.8,17,271.82422884352223,-180.40325748380494,175.0,0.0,3,SIMULATED,SIMULATED,SIMULATED,SIMULATED
106.0,101.0,99,-37.61203974647947,-96.96918275270596,0.0,0.0,4,SIMULATED,SIMULATED,SIMULATED,SIMULATED
106.0,101.0,17,262.1164382567018,-180.7269818382249,175.0,0.0,3,SIMULATED,SIMULATED,SIMULATED,SIMULATED
106.2,101.2,99,-37.61203974647947,-96.96918275270596,0.0,0.0,4,SIMULATED,SIMULATED,SIMULATED,SIMULATED
106.2,101.2,17,252.45636929967617,-179.70533316232823,175.0,0.0,3,SIMULATED,SIMULATED,SIMULATED,SIMULATED
106.4,101.4,99,-37.61203974647947,-96.96918275270596,0.0,0.0,4,SIMULATED,SIMULATED,SIMULATED,SIMULATED
106.4,101.4,17,243.0277343526064,-177.37604794309146,175.0,0.0,3,SIMULATED,SIMULATED,SIMULATED,SIMULATED
106.6,101.6,99,-37.61203974647947,-96.96918275270596,0.0,0.0,4,SIMULATED,SIMULATED,SIMULATED,SIMULATED
106.6,101.6,17,233.8373115826559,-174.22489406265336,175.0,0.0,3,SIMULATED,SIMULATED,SIMULATED,SIMULATED
106.8,101.8,99,-37.61203974647947,-96.96918275270596,0.0,0.0,4,SIMULATED,SIMULATED,SIMULATED,SIMULATED
106.8,101.8,17,224.86588441122404,-170.48837636925003,175.0,0.0,3,SIMULATED,SIMULATED,SIMULATED,SIMULATED
107.0,102.0,99,-37.61203974647947,-96.96918275270596,0.0,0.0,4,SIMULATED,SIMULATED,SIMULATED,SIMULATED
107.0,102.0,17,216.0790459920945,-166.31037163712918,175.0,0.0,3,SIMULATED,SIMULATED,SIMULATED,SIMULATED
107.2,102.2,99,-37.61203974647947,-96.96918275270596,0.0,0.0,4,SIMULATED,SIMULATED,SIMULATED,SIMULATED
107.2,102.2,17,207.4465014696038,-161.84354803742056,175.0,0.0,3,SIMULATED,SIMULATED,SIMULATED,SIMULATED
107.4,102.4,99,-37.61203974647947,-96.96918275270596,0.0,0.0,4,SIMULATED,SIMULATED,SIMULATED,SIMULATED
107.4,102.4,17,198.92811650769667,-157.16244944141084,175.0,0.0,3,SIMULATED,SIMULATED,SIMULATED,SIMULATED
107.6,102.6,99,-37.61203974647947,-96.96918275270596,0.0,0.0,4,SIMULATED,SIMULATED,SIMULATED,SIMULATED
107.6,102.6,17,190.49977461180416,-152.32089768972577,175.0,0.0,3,SIMULATED,SIMULATED,SIMULATED,SIMULATED
107.8,102.8,99,-37.61203974647947,-96.96918275270596,0.0,0.0,4,SIMULATED,SIMULATED,SIMULATED,SIMULATED
107.8,102.8,17,182.1425764368861,-147.35746755874268,175.0,0.0,3,SIMULATED,SIMULATED,SIMULATED,SIMULATED
108.0,103.0,99,-37.61203974647947,-96.96918275270596,0.0,0.0,4,SIMULATED,SIMULATED,SIMULATED,SIMULATED
108.0,103.0,17,184.32092172105897,-125.2734453064347,175.0,0.0,3,SIMULATED,SIMULATED,SIMULATED,SIMULATED
108.2,103.2,99,-37.61203974647947,-96.96918275270596,0.0,0.0,4,SIMULATED,SIMULATED,SIMULATED,SIMULATED
108.2,103.2,17,176.92522109929794,-120.70917558197286,157.5,-2.478,3,SIMULATED,SIMULATED,SIMULATED,SIMULATED
108.4,103.4,99,-37.61203974647947,-96.96918275270596,0.0,0.0,4,SIMULATED,SIMULATED,SIMULATED,SIMULATED
108.4,103.4,17,170.36586841099262,-116.6332215246746,140.0,-2.478,3,SIMULATED,SIMULATED,SIMULATED,SIMULATED
108.6,103.6,99,-37.61203974647947,-96.96918275270596,0.0,0.0,4,SIMULATED,SIMULATED,SIMULATED,SIMULATED
108.6,103.6,17,164.59175690673536,-113.03287265286471,122.5,-2.478,3,SIMULATED,SIMULATED,SIMULATED,SIMULATED
108.8,103.8,99,-37.61203974647947,-96.96918275270596,0.0,0.0,4,SIMULATED,SIMULATED,SIMULATED,SIMULATED
108.8,103.8,17,159.64382339197644,-109.94591757900555,105.0,-2.478,3,SIMULATED,SIMULATED,SIMULATED,SIMULATED
109.0,104.0,99,-37.61203974647947,-96.96918275270596,0.0,0.0,4,SIMULATED,SIMULATED,SIMULATED,SIMULATED
109.0,104.0,17,155.4711928695289,-107.34284261976019,87.5,-2.478,3,SIMULATED,SIMULATED,SIMULATED,SIMULATED
109.2,104.2,99,-37.61203974647947,-96.96918275270596,0.0,0.0,4,SIMULATED,SIMULATED,SIMULATED,SIMULATED
109.2,104.2,17,152.16467493917952,-105.29368689696201,70.0,-2.478,3,SIMULATED,SIMULATED,SIMULATED,SIMULATED
109.4,104.4,99,-37.61203974647947,-96.96918275270596,0.0,0.0,4,SIMULATED,SIMULATED,SIMULATED,SIMULATED
109.4,104.4,17,149.66544019608838,-103.74484264736978,52.5,-2.478,3,SIMULATED,SIMULATED,SIMULATED,SIMULATED
109.6,104.6,99,-37.61203974647947,-96.96918275270596,0.0,0.0,4,SIMULATED,SIMULATED,SIMULATED,SIMULATED
109.6,104.6,17,147.97484469270069,-102.69725454603635,35.0,-2.478,3,SIMULATED,SIMULATED,SIMULATED,SIMULATED
109.8,104.8,99,-37.61203974647947,-96.96918275270596,0.0,0.0,4,SIMULATED,SIMULATED,SIMULATED,SIMULATED
109.8,104.8,17,147.1208087396314,-102.1680991932774,17.5,-2.478,3,SIMULATED,SIMULATED,SIMULATED,SIMULATED
110.0,105.0,99,-37.61203974647947,-96.96918275270596,0.0,0.0,4,SIMULATED,SIMULATED,SIMULATED,SIMULATED
110.0,105.0,17,147.1208087396314,-102.1680991932774,0.0,-2.478,3,SIMULATED,SIMULATED,SIMULATED,SIMULATED
110.2,105.2,99,-37.61203974647947,-96.96918275270596,0.0,0.0,4,SIMULATED,SIMULATED,SIMULATED,SIMULATED
110.2,105.2,17,147.1208087396314,-102.1680991932774,0.0,0.0,3,SIMULATED,SIMULATED,SIMULATED,SIMULATED
110.4,105.4,99,-37.61203974647947,-96.96918275270596,0.0,0.0,4,SIMULATED,SIMULATED,SIMULATED,SIMULATED
110.4,105.4,17,147.1208087396314,-102.1680991932774,0.0,0.0,3,SIMULATED,SIMULATED,SIMULATED,SIMULATED
110.6,105.6,99,-37.61203974647947,-96.96918275270596,0.0,0.0,4,SIMULATED,SIMULATED,SIMULATED,SIMULATED
110.6,105.6,17,147.1208087396314,-102.1680991932774,0.0,0.0,3,SIMULATED,SIMULATED,SIMULATED,SIMULATED
110.8,105.8,99,-37.61203974647947,-96.96918275270596,0.0,0.0,4,SIMULATED,SIMULATED,SIMULATED,SIMULATED
110.8,105.8,17,147.1208087396314,-102.1680991932774,0.0,0.0,3,SIMULATED,SIMULATED,SIMULATED,SIMULATED
111.0,106.0,99,-37.61203974647947,-96.96918275270596,0.0,0.0,4,SIMULATED,SIMULATED,SIMULATED,SIMULATED
111.0,106.0,17,147.1208087396314,-102.1680991932774,0.0,0.0,3,SIMULATED,SIMULATED,SIMULATED,SIMULATED
111.2,106.2,99,-37.61203974647947,-96.96918275270596,0.0,0.0,4,SIMULATED,SIMULATED,SIMULATED,SIMULATED
111.2,106.2,17,147.1208087396314,-102.1680991932774,0.0,0.0,3,SIMULATED,SIMULATED,SIMULATED,SIMULATED
111.4,106.4,99,-37.61203974647947,-96.96918275270596,0.0,0.0,4,SIMULATED,SIMULATED,SIMULATED,SIMULATED
111.4,106.4,17,147.1208087396314,-102.1680991932774,0.0,0.0,3,SIMULATED,SIMULATED,SIMULATED,SIMULATED
111.6,106.6,99,-37.61203974647947,-96.96918275270596,0.0,0.0,4,SIMULATED,SIMULATED,SIMULATED,SIMULATED
111.6,106.6,17,147.1208087396314,-102.1680991932774,0.0,0.0,3,SIMULATED,SIMULATED,SIMULATED,SIMULATED
111.8,106.8,99,-37.61203974647947,-96.96918275270596,0.0,0.0,4,SIMULATED,SIMULATED,SIMULATED,SIMULATED
111.8,106.8,17,147.1208087396314,-102.1680991932774,0.0,0.0,3,SIMULATED,SIMULATED,SIMULATED,SIMULATED
112.0,107.0,99,-37.61203974647947,-96.96918275270596,0.0,0.0,4,SIMULATED,SIMULATED,SIMULATED,SIMULATED
112.0,107.0,17,147.1208087396314,-102.1680991932774,0.0,0.0,3,SIMULATED,SIMULATED,SIMULATED,SIMULATED
112.2,107.2,99,-37.61203974647947,-96.96918275270596,0.0,0.0,4,SIMULATED,SIMULATED,SIMULATED,SIMULATED
112.2,107.2,17,147.1208087396314,-102.1680991932774,0.0,0.0,3,SIMULATED,SIMULATED,SIMULATED,SIMULATED
112.4,107.4,99,-37.61203974647947,-96.96918275270596,0.0,0.0,4,SIMULATED,SIMULATED,SIMULATED,SIMULATED
112.4,107.4,17,147.1208087396314,-102.1680991932774,0.0,0.0,3,SIMULATED,SIMULATED,SIMULATED,SIMULATED
112.6,107.6,99,-37.61203974647947,-96.96918275270596,0.0,0.0,4,SIMULATED,SIMULATED,SIMULATED,SIMULATED
112.6,107.6,17,147.1208087396314,-102.1680991932774,0.0,0.0,3,SIMULATED,SIMULATED,SIMULATED,SIMULATED
112.8,107.8,99,-37.61203974647947,-96.96918275270596,0.0,0.0,4,SIMULATED,SIMULATED,SIMULATED,SIMULATED
112.8,107.8,17,147.1208087396314,-102.1680991932774,0.0,0.0,3,SIMULATED,SIMULATED,SIMULATED,SIMULATED
113.0,108.0,99,-37.61203974647947,-96.96918275270596,0.0,0.0,4,SIMULATED,SIMULATED,SIMULATED,SIMULATED
113.0,108.0,17,147.1208087396314,-102.1680991932774,0.0,0.0,3,SIMULATED,SIMULATED,SIMULATED,SIMULATED
113.2,108.2,99,-37.61203974647947,-96.96918275270596,0.0,0.0,4,SIMULATED,SIMULATED,SIMULATED,SIMULATED
113.2,108.2,17,147.1208087396314,-102.1680991932774,0.0,0.0,3,SIMULATED,SIMULATED,SIMULATED,SIMULATED
113.4,108.4,99,-37.61203974647947,-96.96918275270596,0.0,0.0,4,SIMULATED,SIMULATED,SIMULATED,SIMULATED
113.4,108.4,17,147.1208087396314,-102.1680991932774,0.0,0.0,3,SIMULATED,SIMULATED,SIMULATED,SIMULATED
113.6,108.6,99,-37.61203974647947,-96.96918275270596,0.0,0.0,4,SIMULATED,SIMULATED,SIMULATED,SIMULATED
113.6,108.6,17,147.1208087396314,-102.1680991932774,0.0,0.0,3,SIMULATED,SIMULATED,SIMULATED,SIMULATED
113.8,108.8,99,-37.61203974647947,-96.96918275270596,0.0,0.0,4,SIMULATED,SIMULATED,SIMULATED,SIMULATED
113.8,108.8,17,147.1208087396314,-102.1680991932774,0.0,0.0,3,SIMULATED,SIMULATED,SIMULATED,SIMULATED
114.0,109.0,99,-37.61203974647947,-96.96918275270596,0.0,0.0,4,SIMULATED,SIMULATED,SIMULATED,SIMULATED
114.0,109.0,17,147.1208087396314,-102.1680991932774,0.0,0.0,3,SIMULATED,SIMULATED,SIMULATED,SIMULATED
114.2,109.2,99,-37.61203974647947,-96.96918275270596,0.0,0.0,4,SIMULATED,SIMULATED,SIMULATED,SIMULATED
114.2,109.2,17,147.1208087396314,-102.1680991932774,0.0,0.0,3,SIMULATED,SIMULATED,SIMULATED,SIMULATED
114.4,109.4,99,-37.61203974647947,-96.96918275270596,0.0,0.0,4,SIMULATED,SIMULATED,SIMULATED,SIMULATED
114.4,109.4,17,147.1208087396314,-102.1680991932774,0.0,0.0,3,SIMULATED,SIMULATED,SIMULATED,SIMULATED
114.6,109.6,99,-37.61203974647947,-96.96918275270596,0.0,0.0,4,SIMULATED,SIMULATED,SIMULATED,SIMULATED
114.6,109.6,17,147.1208087396314,-102.1680991932774,0.0,0.0,3,SIMULATED,SIMULATED,SIMULATED,SIMULATED
114.8,109.8,99,-37.61203974647947,-96.96918275270596,0.0,0.0,4,SIMULATED,SIMULATED,SIMULATED,SIMULATED
114.8,109.8,17,147.1208087396314,-102.1680991932774,0.0,0.0,3,SIMULATED,SIMULATED,SIMULATED,SIMULATED
115.0,110.0,99,-37.61203974647947,-96.96918275270596,0.0,0.0,4,SIMULATED,SIMULATED,SIMULATED,SIMULATED
115.0,110.0,17,147.1208087396314,-102.1680991932774,0.0,0.0,3,SIMULATED,SIMULATED,SIMULATED,SIMULATED
