timestamp_s,car_id,x_m,y_m,speed_kmh,longitudinal_accel_g,sector
0.0000,3,200.0000,0.0000,205.0000,0.0000,1
0.0000,7,888.9000,400.0000,200.0000,0.0000,3
0.0000,12,353.0000,400.0000,210.0000,0.0000,4
0.0000,21,1000.0000,0.0000,195.0000,0.0000,2
0.1000,3,205.6944,0.0000,205.0000,0.0000,1
0.1000,7,883.3444,400.0000,200.0000,0.0000,3
0.1000,12,347.1667,400.0000,210.0000,0.0000,4
0.1000,21,1005.4167,0.0000,195.0000,0.0000,2
0.2000,3,211.3889,0.0000,205.0000,0.0000,1
0.2000,7,877.7889,400.0000,200.0000,0.0000,3
0.2000,12,341.3333,400.0000,210.0000,0.0000,4
0.2000,21,1010.8333,0.0000,195.0000,0.0000,2
0.3000,3,217.0833,0.0000,205.0000,0.0000,1
0.3000,7,872.2333,400.0000,200.0000,0.0000,3
0.3000,12,335.5000,400.0000,210.0000,0.0000,4
0.3000,21,1016.2500,0.0000,195.0000,0.0000,2
0.4000,3,222.7778,0.0000,205.0000,0.0000,1
0.4000,7,866.6778,400.0000,200.0000,0.0000,3
0.4000,12,329.6667,400.0000,210.0000,0.0000,4
0.4000,21,1021.6667,0.0000,195.0000,0.0000,2
0.5000,3,228.4722,0.0000,205.0000,0.0000,1
0.5000,7,861.1222,400.0000,200.0000,0.0000,3
0.5000,12,323.8333,400.0000,210.0000,0.0000,4
0.5000,21,1027.0833,0.0000,195.0000,0.0000,2
0.6000,3,234.1667,0.0000,205.0000,0.0000,1
0.6000,7,855.5667,400.0000,200.0000,0.0000,3
0.6000,12,318.0000,400.0000,210.0000,0.0000,4
0.6000,21,1032.5000,0.0000,195.0000,0.0000,2
0.7000,3,239.8611,0.0000,205.0000,0.0000,1
0.7000,7,850.0111,400.0000,200.0000,0.0000,3
0.7000,12,312.1667,400.0000,210.0000,0.0000,4
0.7000,21,1037.9167,0.0000,195.0000,0.0000,2
0.8000,3,245.5556,0.0000,205.0000,0.0000,1
0.8000,7,844.4556,400.0000,200.0000,0.0000,3
0.8000,12,306.3333,400.0000,210.0000,0.0000,4
0.8000,21,1043.3333,0.0000,195.0000,0.0000,2
0.9000,3,251.2500,0.0000,205.0000,0.0000,1
0.9000,7,838.9000,400.0000,200.0000,0.0000,3
0.9000,12,300.5000,400.0000,210.0000,0.0000,4
0.9000,21,1048.7500,0.0000,195.0000,0.0000,2
1.0000,3,256.9444,0.0000,205.0000,0.0000,1
1.0000,7,833.3444,400.0000,200.0000,0.0000,3
1.0000,12,294.6667,400.0000,210.0000,0.0000,4
1.0000,21,1054.1667,0.0000,195.0000,0.0000,2
1.1000,3,262.6389,0.0000,205.0000,0.0000,1
1.1000,7,827.7889,400.0000,200.0000,0.0000,3
1.1000,12,288.8333,400.0000,210.0000,0.0000,4
1.1000,21,1059.5833,0.0000,195.0000,0.0000,2
1.2000,3,268.3333,0.0000,205.0000,0.0000,1
1.2000,7,822.2333,400.0000,200.0000,0.0000,3
1.2000,12,283.0000,400.0000,210.0000,0.0000,4
1.2000,21,1065.0000,0.0000,195.0000,0.0000,2
1.3000,3,274.0278,0.0000,205.0000,0.0000,1
1.3000,7,816.6778,400.0000,200.0000,0.0000,3
1.3000,12,277.1667,400.0000,210.0000,0.0000,4
1.3000,21,1070.4167,0.0000,195.0000,0.0000,2
1.4000,3,279.7222,0.0000,205.0000,0.0000,1
1.4000,7,811.1222,400.0000,200.0000,0.0000,3
1.4000,12,271.3333,400.0000,210.0000,0.0000,4
1.4000,21,1075.8333,0.0000,195.0000,0.0000,2
1.5000,3,285.4167,0.0000,205.0000,0.0000,1
1.5000,7,805.5667,400.0000,200.0000,0.0000,3
1.5000,12,265.5000,400.0000,210.0000,0.0000,4
1.5000,21,1081.2500,0.0000,195.0000,0.0000,2
1.6000,3,291.1111,0.0000,205.0000,0.0000,1
1.6000,7,800.0111,400.0000,200.0000,0.0000,3
1.6000,12,259.6667,400.0000,210.0000,0.0000,4
1.6000,21,1086.6667,0.0000,195.0000,0.0000,2
1.7000,3,296.8056,0.0000,205.0000,0.0000,1
1.7000,7,794.4556,400.0000,200.0000,0.0000,3
1.7000,12,253.8333,400.0000,210.0000,0.0000,4
1.7000,21,1092.0833,0.0000,195.0000,0.0000,2
1.8000,3,302.5000,0.0000,205.0000,0.0000,1
1.8000,7,788.9000,400.0000,200.0000,0.0000,3
1.8000,12,248.0000,400.0000,210.0000,0.0000,4
1.8000,21,1097.5000,0.0000,195.0000,0.0000,2
1.9000,3,308.1944,0.0000,205.0000,0.0000,1
1.9000,7,783.3444,400.0000,200.0000,0.0000,3
1.9000,12,242.1667,400.0000,210.0000,0.0000,4
1.9000,21,1102.9167,0.0000,195.0000,0.0000,2
2.0000,3,313.8889,0.0000,205.0000,0.0000,1
2.0000,7,777.7889,400.0000,200.0000,0.0000,3
2.0000,12,236.3333,400.0000,210.0000,0.0000,4
2.0000,21,1108.3333,0.0000,195.0000,0.0000,2
2.1000,3,319.5833,0.0000,205.0000,0.0000,1
2.1000,7,772.2333,400.0000,200.0000,0.0000,3
2.1000,12,230.5000,400.0000,210.0000,0.0000,4
2.1000,21,1113.7500,0.0000,195.0000,0.0000,2
2.2000,3,325.2778,0.0000,205.0000,0.0000,1
2.2000,7,766.6778,400.0000,200.0000,0.0000,3
2.2000,12,224.6667,400.0000,210.0000,0.0000,4
2.2000,21,1119.1667,0.0000,195.0000,0.0000,2
2.3000,3,330.9722,0.0000,205.0000,0.0000,1
2.3000,7,761.1222,400.0000,200.0000,0.0000,3
2.3000,12,218.8333,400.0000,210.0000,0.0000,4
2.3000,21,1124.5833,0.0000,195.0000,0.0000,2
2.4000,3,336.6667,0.0000,205.0000,0.0000,1
2.4000,7,755.5667,400.0000,200.0000,0.0000,3
2.4000,12,213.0000,400.0000,210.0000,0.0000,4
2.4000,21,1130.0000,0.0000,195.0000,0.0000,2
2.5000,3,342.3611,0.0000,205.0000,0.0000,1
2.5000,7,750.0111,400.0000,200.0000,0.0000,3
2.5000,12,207.1667,400.0000,210.0000,0.0000,4
2.5000,21,1135.4167,0.0000,195.0000,0.0000,2
2.6000,3,348.0556,0.0000,205.0000,0.0000,1
2.6000,7,744.4556,400.0000,200.0000,0.0000,3
2.6000,12,201.3333,400.0000,210.0000,0.0000,4
2.6000,21,1140.8333,0.0000,195.0000,0.0000,2
2.7000,3,353.7500,0.0000,205.0000,0.0000,1
2.7000,7,738.9000,400.0000,200.0000,0.0000,3
2.7000,12,195.5000,400.0000,210.0000,0.0000,4
2.7000,21,1146.2500,0.0000,195.0000,0.0000,2
2.8000,3,359.4444,0.0000,205.0000,0.0000,1
2.8000,7,733.3444,400.0000,200.0000,0.0000,3
2.8000,12,189.6667,400.0000,210.0000,0.0000,4
2.8000,21,1151.6667,0.0000,195.0000,0.0000,2
2.9000,3,365.1389,0.0000,205.0000,0.0000,1
2.9000,7,727.7889,400.0000,200.0000,0.0000,3
2.9000,12,183.8333,400.0000,210.0000,0.0000,4
2.9000,21,1157.0833,0.0000,195.0000,0.0000,2
3.0000,3,370.8333,0.0000,205.0000,0.0000,1
3.0000,7,722.2333,400.0000,200.0000,0.0000,3
3.0000,12,178.0000,400.0000,210.0000,0.0000,4
3.0000,21,1162.5000,0.0000,195.0000,0.0000,2
3.1000,3,376.5278,0.0000,205.0000,0.0000,1
3.1000,7,716.6778,400.0000,200.0000,0.0000,3
3.1000,12,172.1667,400.0000,210.0000,0.0000,4
3.1000,21,1167.9167,0.0000,195.0000,0.0000,2
3.2000,3,382.2222,0.0000,205.0000,0.0000,1
3.2000,7,711.1222,400.0000,200.0000,0.0000,3
3.2000,12,166.3333,400.0000,210.0000,0.0000,4
3.2000,21,1173.3333,0.0000,195.0000,0.0000,2
3.3000,3,387.9167,0.0000,205.0000,0.0000,1
3.3000,7,705.5667,400.0000,200.0000,0.0000,3
3.3000,12,160.5000,400.0000,210.0000,0.0000,4
3.3000,21,1178.7500,0.0000,195.0000,0.0000,2
3.4000,3,393.6111,0.0000,205.0000,0.0000,1
3.4000,7,700.0111,400.0000,200.0000,0.0000,3
3.4000,12,154.6667,400.0000,210.0000,0.0000,4
3.4000,21,1184.1667,0.0000,195.0000,0.0000,2
3.5000,3,399.3056,0.0000,205.0000,0.0000,1
3.5000,7,694.4556,400.0000,200.0000,0.0000,3
3.5000,12,148.8333,400.0000,210.0000,0.0000,4
3.5000,21,1189.5833,0.0000,195.0000,0.0000,2
3.6000,3,405.0000,0.0000,205.0000,0.0000,1
3.6000,7,688.9000,400.0000,200.0000,0.0000,3
3.6000,12,143.0000,400.0000,210.0000,0.0000,4
3.6000,21,1195.0000,0.0000,195.0000,0.0000,2
3.7000,3,410.6944,0.0000,205.0000,0.0000,1
3.7000,7,683.3444,400.0000,200.0000,0.0000,3
3.7000,12,137.1667,400.0000,210.0000,0.0000,4
3.7000,21,1200.0000,0.4167,195.0000,0.0000,2
3.8000,3,416.3889,0.0000,205.0000,0.0000,1
3.8000,7,677.7889,400.0000,200.0000,0.0000,3
3.8000,12,131.3333,400.0000,210.0000,0.0000,4
3.8000,21,1200.0000,5.8333,195.0000,0.0000,2
3.9000,3,422.0833,0.0000,205.0000,0.0000,1
3.9000,7,672.2333,400.0000,200.0000,0.0000,3
3.9000,12,125.5000,400.0000,210.0000,0.0000,4
3.9000,21,1200.0000,11.2500,195.0000,0.0000,2
4.0000,3,427.7778,0.0000,205.0000,0.0000,1
4.0000,7,666.6778,400.0000,200.0000,0.0000,3
4.0000,12,119.6667,400.0000,210.0000,0.0000,4
4.0000,21,1200.0000,16.6667,195.0000,0.0000,2
4.1000,3,433.4722,0.0000,205.0000,0.0000,1
4.1000,7,661.1222,400.0000,200.0000,0.0000,3
4.1000,12,113.8333,400.0000,210.0000,0.0000,4
4.1000,21,1200.0000,22.0833,195.0000,0.0000,2
4.2000,3,439.1667,0.0000,205.0000,0.0000,1
4.2000,7,655.5667,400.0000,200.0000,0.0000,3
4.2000,12,108.0000,400.0000,210.0000,0.0000,4
4.2000,21,1200.0000,27.5000,195.0000,0.0000,2
4.3000,3,444.8611,0.0000,205.0000,0.0000,1
4.3000,7,650.0111,400.0000,200.0000,0.0000,3
4.3000,12,102.1667,400.0000,210.0000,0.0000,4
4.3000,21,1200.0000,32.9167,195.0000,0.0000,2
4.4000,3,450.5556,0.0000,205.0000,0.0000,1
4.4000,7,644.4556,400.0000,200.0000,0.0000,3
4.4000,12,96.3333,400.0000,210.0000,0.0000,4
4.4000,21,1200.0000,38.3333,195.0000,0.0000,2
4.5000,3,456.2500,0.0000,205.0000,0.0000,1
4.5000,7,638.9000,400.0000,200.0000,0.0000,3
4.5000,12,90.5000,400.0000,210.0000,0.0000,4
4.5000,21,1200.0000,43.7500,195.0000,0.0000,2
4.6000,3,461.9444,0.0000,205.0000,0.0000,1
4.6000,7,633.3444,400.0000,200.0000,0.0000,3
4.6000,12,84.6667,400.0000,210.0000,0.0000,4
4.6000,21,1200.0000,49.1667,195.0000,0.0000,2
4.7000,3,467.6389,0.0000,205.0000,0.0000,1
4.7000,7,627.7889,400.0000,200.0000,0.0000,3
4.7000,12,78.8333,400.0000,210.0000,0.0000,4
4.7000,21,1200.0000,54.5833,195.0000,0.0000,2
4.8000,3,473.3333,0.0000,205.0000,0.0000,1
4.8000,7,622.2333,400.0000,200.0000,0.0000,3
4.8000,12,73.0000,400.0000,210.0000,0.0000,4
4.8000,21,1200.0000,60.0000,195.0000,0.0000,2
4.9000,3,479.0278,0.0000,205.0000,0.0000,1
4.9000,7,616.6778,400.0000,200.0000,0.0000,3
4.9000,12,67.1667,400.0000,210.0000,0.0000,4
4.9000,21,1200.0000,65.4167,195.0000,0.0000,2
5.0000,3,484.7222,0.0000,205.0000,0.0000,1
5.0000,7,611.1222,400.0000,200.0000,0.0000,3
5.0000,12,61.3333,400.0000,210.0000,0.0000,4
5.0000,21,1200.0000,70.8333,195.0000,0.0000,2
5.1000,3,490.4167,0.0000,205.0000,0.0000,1
5.1000,7,605.5667,400.0000,200.0000,0.0000,3
5.1000,12,55.5000,400.0000,210.0000,0.0000,4
5.1000,21,1200.0000,76.2500,195.0000,0.0000,2
5.2000,3,496.1111,0.0000,205.0000,0.0000,1
5.2000,7,600.0111,400.0000,200.0000,0.0000,3
5.2000,12,49.6667,400.0000,210.0000,0.0000,4
5.2000,21,1200.0000,81.6667,195.0000,0.0000,2
5.3000,3,501.8056,0.0000,205.0000,0.0000,1
5.3000,7,594.4556,400.0000,200.0000,0.0000,3
5.3000,12,43.8333,400.0000,210.0000,0.0000,4
5.3000,21,1200.0000,87.0833,195.0000,0.0000,2
5.4000,3,507.5000,0.0000,205.0000,0.0000,1
5.4000,7,588.9000,400.0000,200.0000,0.0000,3
5.4000,12,38.0000,400.0000,210.0000,0.0000,4
5.4000,21,1200.0000,92.5000,195.0000,0.0000,2
5.5000,3,513.1944,0.0000,205.0000,0.0000,1
5.5000,7,583.3444,400.0000,200.0000,0.0000,3
5.5000,12,32.1667,400.0000,210.0000,0.0000,4
5.5000,21,1200.0000,97.9167,195.0000,0.0000,2
5.6000,3,518.8889,0.0000,205.0000,0.0000,1
5.6000,7,577.7889,400.0000,200.0000,0.0000,3
5.6000,12,26.3333,400.0000,210.0000,0.0000,4
5.6000,21,1200.0000,103.3333,195.0000,0.0000,2
5.7000,3,524.5833,0.0000,205.0000,0.0000,1
5.7000,7,572.2333,400.0000,200.0000,0.0000,3
5.7000,12,20.5000,400.0000,210.0000,0.0000,4
5.7000,21,1200.0000,108.7500,195.0000,0.0000,2
5.8000,3,530.2778,0.0000,205.0000,0.0000,1
5.8000,7,566.6778,400.0000,200.0000,0.0000,3
5.8000,12,14.6667,400.0000,210.0000,0.0000,4
5.8000,21,1200.0000,114.1667,195.0000,0.0000,2
5.9000,3,535.9722,0.0000,205.0000,0.0000,1
5.9000,7,561.1222,400.0000,200.0000,0.0000,3
5.9000,12,8.8333,400.0000,210.0000,0.0000,4
5.9000,21,1200.0000,119.5833,195.0000,0.0000,2
6.0000,3,541.6667,0.0000,205.0000,0.0000,1
6.0000,7,555.5667,400.0000,200.0000,0.0000,3
6.0000,12,3.0000,400.0000,210.0000,0.0000,4
6.0000,21,1200.0000,125.0000,195.0000,0.0000,2
6.1000,3,547.3611,0.0000,205.0000,0.0000,1
6.1000,7,550.0111,400.0000,200.0000,0.0000,3
6.1000,12,0.0000,397.1667,210.0000,0.0000,4
6.1000,21,1200.0000,130.4167,195.0000,0.0000,2
6.2000,3,553.0556,0.0000,205.0000,0.0000,1
6.2000,7,544.4556,400.0000,200.0000,0.0000,3
6.2000,12,0.0000,391.3333,210.0000,0.0000,4
6.2000,21,1200.0000,135.8333,195.0000,0.0000,2
6.3000,3,558.7500,0.0000,205.0000,0.0000,1
6.3000,7,538.9000,400.0000,200.0000,0.0000,3
6.3000,12,0.0000,385.5000,210.0000,0.0000,4
6.3000,21,1200.0000,141.2500,195.0000,0.0000,2
6.4000,3,564.4444,0.0000,205.0000,0.0000,1
6.4000,7,533.3444,400.0000,200.0000,0.0000,3
6.4000,12,0.0000,379.6667,210.0000,0.0000,4
6.4000,21,1200.0000,146.6667,195.0000,0.0000,2
6.5000,3,570.1389,0.0000,205.0000,0.0000,1
6.5000,7,527.7889,400.0000,200.0000,0.0000,3
6.5000,12,0.0000,373.8333,210.0000,0.0000,4
6.5000,21,1200.0000,152.0833,195.0000,0.0000,2
6.6000,3,575.8333,0.0000,205.0000,0.0000,1
6.6000,7,522.2333,400.0000,200.0000,0.0000,3
6.6000,12,0.0000,368.0000,210.0000,0.0000,4
6.6000,21,1200.0000,157.5000,195.0000,0.0000,2
6.7000,3,581.5278,0.0000,205.0000,0.0000,1
6.7000,7,516.6778,400.0000,200.0000,0.0000,3
6.7000,12,0.0000,362.1667,210.0000,0.0000,4
6.7000,21,1200.0000,162.9167,195.0000,0.0000,2
6.8000,3,587.2222,0.0000,205.0000,0.0000,1
6.8000,7,511.1222,400.0000,200.0000,0.0000,3
6.8000,12,0.0000,356.3333,210.0000,0.0000,4
6.8000,21,1200.0000,168.3333,195.0000,0.0000,2
6.9000,3,592.9167,0.0000,205.0000,0.0000,1
6.9000,7,505.5667,400.0000,200.0000,0.0000,3
6.9000,12,0.0000,350.5000,210.0000,0.0000,4
6.9000,21,1200.0000,173.7500,195.0000,0.0000,2
7.0000,3,598.6111,0.0000,205.0000,0.0000,1
7.0000,7,500.0111,400.0000,200.0000,0.0000,3
7.0000,12,0.0000,344.6667,210.0000,0.0000,4
7.0000,21,1200.0000,179.1667,195.0000,0.0000,2
7.1000,3,604.3056,0.0000,205.0000,0.0000,1
7.1000,7,494.4556,400.0000,200.0000,0.0000,3
7.1000,12,0.0000,338.8333,210.0000,0.0000,4
7.1000,21,1200.0000,184.5833,195.0000,0.0000,2
7.2000,3,610.0000,0.0000,205.0000,0.0000,1
7.2000,7,488.9000,400.0000,200.0000,0.0000,3
7.2000,12,0.0000,333.0000,210.0000,0.0000,4
7.2000,21,1200.0000,190.0000,195.0000,0.0000,2
7.3000,3,615.6944,0.0000,205.0000,0.0000,1
7.3000,7,483.3444,400.0000,200.0000,0.0000,3
7.3000,12,0.0000,327.1667,210.0000,0.0000,4
7.3000,21,1200.0000,195.4167,195.0000,0.0000,2
7.4000,3,621.3889,0.0000,205.0000,0.0000,1
7.4000,7,477.7889,400.0000,200.0000,0.0000,3
7.4000,12,0.0000,321.3333,210.0000,0.0000,4
7.4000,21,1200.0000,200.8333,195.0000,0.0000,2
7.5000,3,627.0833,0.0000,205.0000,0.0000,1
7.5000,7,472.2333,400.0000,200.0000,0.0000,3
7.5000,12,0.0000,315.5000,210.0000,0.0000,4
7.5000,21,1200.0000,206.2500,195.0000,0.0000,2
7.6000,3,632.7778,0.0000,205.0000,0.0000,1
7.6000,7,466.6778,400.0000,200.0000,0.0000,3
7.6000,12,0.0000,309.6667,210.0000,0.0000,4
7.6000,21,1200.0000,211.6667,195.0000,0.0000,2
7.7000,3,638.4722,0.0000,205.0000,0.0000,1
7.7000,7,461.1222,400.0000,200.0000,0.0000,3
7.7000,12,0.0000,303.8333,210.0000,0.0000,4
7.7000,21,1200.0000,217.0833,195.0000,0.0000,2
7.8000,3,644.1667,0.0000,205.0000,0.0000,1
7.8000,7,455.5667,400.0000,200.0000,0.0000,3
7.8000,12,0.0000,298.0000,210.0000,0.0000,4
7.8000,21,1200.0000,222.5000,195.0000,0.0000,2
7.9000,3,649.8611,0.0000,205.0000,0.0000,1
7.9000,7,450.0111,400.0000,200.0000,0.0000,3
7.9000,12,0.0000,292.1667,210.0000,0.0000,4
7.9000,21,1200.0000,227.9167,195.0000,0.0000,2
8.0000,3,655.5556,0.0000,205.0000,0.0000,1
8.0000,7,444.4556,400.0000,200.0000,0.0000,3
8.0000,12,0.0000,286.3333,210.0000,0.0000,4
8.0000,21,1200.0000,233.3333,195.0000,0.0000,2
8.1000,3,661.2500,0.0000,205.0000,0.0000,1
8.1000,7,438.9000,400.0000,200.0000,0.0000,3
8.1000,12,0.0000,280.5000,210.0000,0.0000,4
8.1000,21,1200.0000,238.7500,195.0000,0.0000,2
8.2000,3,666.9444,0.0000,205.0000,0.0000,1
8.2000,7,433.3444,400.0000,200.0000,0.0000,3
8.2000,12,0.0000,274.6667,210.0000,0.0000,4
8.2000,21,1200.0000,244.1667,195.0000,0.0000,2
8.3000,3,672.6389,0.0000,205.0000,0.0000,1
8.3000,7,427.7889,400.0000,200.0000,0.0000,3
8.3000,12,0.0000,268.8333,210.0000,0.0000,4
8.3000,21,1200.0000,249.5833,195.0000,0.0000,2
8.4000,3,678.3333,0.0000,205.0000,0.0000,1
8.4000,7,422.2333,400.0000,200.0000,0.0000,3
8.4000,12,0.0000,263.0000,210.0000,0.0000,4
8.4000,21,1200.0000,255.0000,195.0000,0.0000,2
8.5000,3,684.0278,0.0000,205.0000,0.0000,1
8.5000,7,416.6778,400.0000,200.0000,0.0000,3
8.5000,12,0.0000,257.1667,210.0000,0.0000,4
8.5000,21,1200.0000,260.4167,195.0000,0.0000,2
8.6000,3,689.7222,0.0000,205.0000,0.0000,1
8.6000,7,411.1222,400.0000,200.0000,0.0000,3
8.6000,12,0.0000,251.3333,210.0000,0.0000,4
8.6000,21,1200.0000,265.8333,195.0000,0.0000,2
8.7000,3,695.4167,0.0000,205.0000,0.0000,1
8.7000,7,405.5667,400.0000,200.0000,0.0000,3
8.7000,12,0.0000,245.5000,210.0000,0.0000,4
8.7000,21,1200.0000,271.2500,195.0000,0.0000,2
8.8000,3,701.1111,0.0000,205.0000,0.0000,1
8.8000,7,400.0111,400.0000,200.0000,0.0000,3
8.8000,12,0.0000,239.6667,210.0000,0.0000,4
8.8000,21,1200.0000,276.6667,195.0000,0.0000,2
8.9000,3,706.8056,0.0000,205.0000,0.0000,1
8.9000,7,394.4556,400.0000,200.0000,0.0000,4
8.9000,12,0.0000,233.8333,210.0000,0.0000,4
8.9000,21,1200.0000,282.0833,195.0000,0.0000,2
9.0000,3,712.5000,0.0000,205.0000,0.0000,1
9.0000,7,388.9000,400.0000,200.0000,0.0000,4
9.0000,12,0.0000,228.0000,210.0000,0.0000,4
9.0000,21,1200.0000,287.5000,195.0000,0.0000,2
9.1000,3,718.1944,0.0000,205.0000,0.0000,1
9.1000,7,383.3444,400.0000,200.0000,0.0000,4
9.1000,12,0.0000,222.1667,210.0000,0.0000,4
9.1000,21,1200.0000,292.9167,195.0000,0.0000,2
9.2000,3,723.8889,0.0000,205.0000,0.0000,1
9.2000,7,377.7889,400.0000,200.0000,0.0000,4
9.2000,12,0.0000,216.3333,210.0000,0.0000,4
9.2000,21,1200.0000,298.3333,195.0000,0.0000,2
9.3000,3,729.5833,0.0000,205.0000,0.0000,1
9.3000,7,372.2333,400.0000,200.0000,0.0000,4
9.3000,12,0.0000,210.5000,210.0000,0.0000,4
9.3000,21,1200.0000,303.7500,195.0000,0.0000,2
9.4000,3,735.2778,0.0000,205.0000,0.0000,1
9.4000,7,366.6778,400.0000,200.0000,0.0000,4
9.4000,12,0.0000,204.6667,210.0000,0.0000,4
9.4000,21,1200.0000,309.1667,195.0000,0.0000,2
9.5000,3,740.9722,0.0000,205.0000,0.0000,1
9.5000,7,361.1222,400.0000,200.0000,0.0000,4
9.5000,12,0.0000,198.8333,210.0000,0.0000,4
9.5000,21,1200.0000,314.5833,195.0000,0.0000,2
9.6000,3,746.6667,0.0000,205.0000,0.0000,1
9.6000,7,355.5667,400.0000,200.0000,0.0000,4
9.6000,12,0.0000,193.0000,210.0000,0.0000,4
9.6000,21,1200.0000,320.0000,195.0000,0.0000,2
9.7000,3,752.3611,0.0000,205.0000,0.0000,1
9.7000,7,350.0111,400.0000,200.0000,0.0000,4
9.7000,12,0.0000,187.1667,210.0000,0.0000,4
9.7000,21,1200.0000,325.4167,195.0000,0.0000,2
9.8000,3,758.0556,0.0000,205.0000,0.0000,1
9.8000,7,344.4556,400.0000,200.0000,0.0000,4
9.8000,12,0.0000,181.3333,210.0000,0.0000,4
9.8000,21,1200.0000,330.8333,195.0000,0.0000,2
9.9000,3,763.7500,0.0000,205.0000,0.0000,1
9.9000,7,338.9000,400.0000,200.0000,0.0000,4
9.9000,12,0.0000,175.5000,210.0000,0.0000,4
9.9000,21,1200.0000,336.2500,195.0000,0.0000,2
10.0000,3,769.4444,0.0000,205.0000,0.0000,1
10.0000,7,333.3444,400.0000,200.0000,0.0000,4
10.0000,12,0.0000,169.6667,210.0000,0.0000,4
10.0000,21,1200.0000,341.6667,195.0000,0.0000,2
10.1000,3,775.1389,0.0000,205.0000,0.0000,1
10.1000,7,327.7889,400.0000,200.0000,0.0000,4
10.1000,12,0.0000,163.9549,201.2500,-2.4785,4
10.1000,21,1200.0000,347.0833,195.0000,0.0000,2
10.2000,3,780.8333,0.0000,205.0000,0.0000,1
10.2000,7,322.2333,400.0000,200.0000,0.0000,4
10.2000,12,0.0000,158.4861,192.5000,-2.4785,4
10.2000,21,1200.0000,352.5000,195.0000,0.0000,2
10.3000,3,786.5278,0.0000,205.0000,0.0000,1
10.3000,7,316.6778,400.0000,200.0000,0.0000,4
10.3000,12,0.0000,153.2604,183.7500,-2.4785,4
10.3000,21,1200.0000,357.9167,195.0000,0.0000,2
10.4000,3,792.2222,0.0000,205.0000,0.0000,1
10.4000,7,311.1222,400.0000,200.0000,0.0000,4
10.4000,12,0.0000,148.2778,175.0000,-2.4785,4
10.4000,21,1200.0000,363.3333,195.0000,0.0000,2
10.5000,3,797.9167,0.0000,205.0000,0.0000,1
10.5000,7,305.5667,400.0000,200.0000,0.0000,4
10.5000,12,0.0000,143.5382,166.2500,-2.4785,4
10.5000,21,1200.0000,368.7500,195.0000,0.0000,2
10.6000,3,803.6111,0.0000,205.0000,0.0000,2
10.6000,7,300.0111,400.0000,200.0000,0.0000,4
10.6000,12,0.0000,139.0417,157.5000,-2.4785,4
10.6000,21,1200.0000,374.1667,195.0000,0.0000,2
10.7000,3,809.3056,0.0000,205.0000,0.0000,2
10.7000,7,294.4556,400.0000,200.0000,0.0000,4
10.7000,12,0.0000,134.7882,148.7500,-2.4785,4
10.7000,21,1200.0000,379.5833,195.0000,0.0000,2
10.8000,3,815.0000,0.0000,205.0000,0.0000,2
10.8000,7,288.9000,400.0000,200.0000,0.0000,4
10.8000,12,0.0000,130.7778,140.0000,-2.4785,4
10.8000,21,1200.0000,385.0000,195.0000,0.0000,2
10.9000,3,820.6944,0.0000,205.0000,0.0000,2
10.9000,7,283.3444,400.0000,200.0000,0.0000,4
10.9000,12,0.0000,127.0278,130.0000,-2.8325,4
10.9000,21,1200.0000,390.4167,195.0000,0.0000,2
11.0000,3,826.3889,0.0000,205.0000,0.0000,2
11.0000,7,277.7889,400.0000,200.0000,0.0000,4
11.0000,12,0.0000,123.5556,120.0000,-2.8325,4
11.0000,21,1200.0000,395.8333,195.0000,0.0000,2
11.1000,3,832.0833,0.0000,205.0000,0.0000,2
11.1000,7,272.2333,400.0000,200.0000,0.0000,4
11.1000,12,0.0000,120.3611,110.0000,-2.8325,4
11.1000,21,1198.7500,400.0000,195.0000,0.0000,3
11.2000,3,837.7778,0.0000,205.0000,0.0000,2
11.2000,7,266.6778,400.0000,200.0000,0.0000,4
11.2000,12,0.0000,117.4444,100.0000,-2.8325,4
11.2000,21,1193.3333,400.0000,195.0000,0.0000,3
11.3000,3,843.4722,0.0000,205.0000,0.0000,2
11.3000,7,261.1222,400.0000,200.0000,0.0000,4
11.3000,12,0.0000,114.8056,90.0000,-2.8325,4
11.3000,21,1187.9167,400.0000,195.0000,0.0000,3
11.4000,3,849.1667,0.0000,205.0000,0.0000,2
11.4000,7,255.5667,400.0000,200.0000,0.0000,4
11.4000,12,0.0000,112.4444,80.0000,-2.8325,4
11.4000,21,1182.5000,400.0000,195.0000,0.0000,3
11.5000,3,854.8611,0.0000,205.0000,0.0000,2
11.5000,7,250.0111,400.0000,200.0000,0.0000,4
11.5000,12,0.0000,110.3611,70.0000,-2.8325,4
11.5000,21,1177.0833,400.0000,195.0000,0.0000,3
11.6000,3,860.5556,0.0000,205.0000,0.0000,2
11.6000,7,244.4556,400.0000,200.0000,0.0000,4
11.6000,12,0.0000,108.5159,62.8571,-2.0232,4
11.6000,21,1171.6667,400.0000,195.0000,0.0000,3
11.7000,3,866.2500,0.0000,205.0000,0.0000,2
11.7000,7,238.9000,400.0000,200.0000,0.0000,4
11.7000,12,0.0000,106.8690,55.7143,-2.0232,4
11.7000,21,1166.2500,400.0000,195.0000,0.0000,3
11.8000,3,871.9444,0.0000,205.0000,0.0000,2
11.8000,7,233.3444,400.0000,200.0000,0.0000,4
11.8000,12,0.0000,105.4206,48.5714,-2.0232,4
11.8000,21,1160.8333,400.0000,195.0000,0.0000,3
11.9000,3,877.6389,0.0000,205.0000,0.0000,2
11.9000,7,227.7889,400.0000,200.0000,0.0000,4
11.9000,12,0.0000,104.1706,41.4286,-2.0232,4
11.9000,21,1155.4167,400.0000,195.0000,0.0000,3
12.0000,3,883.3333,0.0000,205.0000,0.0000,2
12.0000,7,222.2333,400.0000,200.0000,0.0000,4
12.0000,12,0.0000,103.1190,34.2857,-2.0232,4
12.0000,21,1150.0000,400.0000,195.0000,0.0000,3
12.1000,3,889.0278,0.0000,205.0000,0.0000,2
12.1000,7,216.6778,400.0000,200.0000,0.0000,4
12.1000,12,0.0000,102.2659,27.1429,-2.0232,4
12.1000,21,1144.5833,400.0000,195.0000,0.0000,3
12.2000,3,894.7222,0.0000,205.0000,0.0000,2
12.2000,7,211.1222,400.0000,200.0000,0.0000,4
12.2000,12,0.0000,101.6111,20.0000,-2.0232,4
12.2000,21,1139.1667,400.0000,195.0000,0.0000,3
12.3000,3,900.4167,0.0000,205.0000,0.0000,2
12.3000,7,205.5667,400.0000,200.0000,0.0000,4
12.3000,12,0.0000,101.0903,17.5000,-0.7081,4
12.3000,21,1133.7500,400.0000,195.0000,0.0000,3
12.4000,3,906.1111,0.0000,205.0000,0.0000,2
12.4000,7,200.0111,400.0000,200.0000,0.0000,4
12.4000,12,0.0000,100.6389,15.0000,-0.7081,4
12.4000,21,1128.3333,400.0000,195.0000,0.0000,3
12.5000,3,911.8056,0.0000,205.0000,0.0000,2
12.5000,7,194.4556,400.0000,200.0000,0.0000,4
12.5000,12,0.0000,100.2569,12.5000,-0.7081,4
12.5000,21,1122.9167,400.0000,195.0000,0.0000,3
12.6000,3,917.5000,0.0000,205.0000,0.0000,2
12.6000,7,188.9000,400.0000,200.0000,0.0000,4
12.6000,12,0.0000,99.9444,10.0000,-0.7081,4
12.6000,21,1117.5000,400.0000,195.0000,0.0000,3
12.7000,3,923.1944,0.0000,205.0000,0.0000,2
12.7000,7,183.3444,400.0000,200.0000,0.0000,4
12.7000,12,0.0000,99.7014,7.5000,-0.7081,4
12.7000,21,1112.0833,400.0000,195.0000,0.0000,3
12.8000,3,928.8889,0.0000,205.0000,0.0000,2
12.8000,7,177.7889,400.0000,200.0000,0.0000,4
12.8000,12,0.0000,99.5278,5.0000,-0.7081,4
12.8000,21,1106.6667,400.0000,195.0000,0.0000,3
12.9000,3,934.5833,0.0000,205.0000,0.0000,2
12.9000,7,172.2333,400.0000,200.0000,0.0000,4
12.9000,12,0.0000,99.4236,2.5000,-0.7081,4
12.9000,21,1101.2500,400.0000,195.0000,0.0000,3
13.0000,3,940.2778,0.0000,205.0000,0.0000,2
13.0000,7,166.6778,400.0000,200.0000,0.0000,4
13.0000,12,0.0000,99.3889,0.0000,-0.7081,4
13.0000,21,1095.8333,400.0000,195.0000,0.0000,3
13.1000,3,945.9722,0.0000,205.0000,0.0000,2
13.1000,7,161.1222,400.0000,200.0000,0.0000,4
13.1000,12,0.0000,99.3889,0.0000,0.0000,4
13.1000,21,1090.4167,400.0000,195.0000,0.0000,3
13.2000,3,951.6667,0.0000,205.0000,0.0000,2
13.2000,7,155.5667,400.0000,200.0000,0.0000,4
13.2000,12,0.0000,99.3889,0.0000,0.0000,4
13.2000,21,1085.0000,400.0000,195.0000,0.0000,3
13.3000,3,957.3611,0.0000,205.0000,0.0000,2
13.3000,7,150.0111,400.0000,200.0000,0.0000,4
13.3000,12,0.0000,99.3889,0.0000,0.0000,4
13.3000,21,1079.5833,400.0000,195.0000,0.0000,3
13.4000,3,963.0556,0.0000,205.0000,0.0000,2
13.4000,7,144.4556,400.0000,200.0000,0.0000,4
13.4000,12,0.0000,99.3889,0.0000,0.0000,4
13.4000,21,1074.1667,400.0000,195.0000,0.0000,3
13.5000,3,968.7500,0.0000,205.0000,0.0000,2
13.5000,7,138.9000,400.0000,200.0000,0.0000,4
13.5000,12,0.0000,99.3889,0.0000,0.0000,4
13.5000,21,1068.7500,400.0000,195.0000,0.0000,3
13.6000,3,974.4444,0.0000,205.0000,0.0000,2
13.6000,7,133.3444,400.0000,200.0000,0.0000,4
13.6000,12,0.0000,99.3889,0.0000,0.0000,4
13.6000,21,1063.3333,400.0000,195.0000,0.0000,3
13.7000,3,980.1389,0.0000,205.0000,0.0000,2
13.7000,7,127.7889,400.0000,200.0000,0.0000,4
13.7000,12,0.0000,99.3889,0.0000,0.0000,4
13.7000,21,1057.9167,400.0000,195.0000,0.0000,3
13.8000,3,985.8333,0.0000,205.0000,0.0000,2
13.8000,7,122.2333,400.0000,200.0000,0.0000,4
13.8000,12,0.0000,99.3889,0.0000,0.0000,4
13.8000,21,1052.5000,400.0000,195.0000,0.0000,3
13.9000,3,991.5278,0.0000,205.0000,0.0000,2
13.9000,7,116.6778,400.0000,200.0000,0.0000,4
13.9000,12,0.0000,99.3889,0.0000,0.0000,4
13.9000,21,1047.0833,400.0000,195.0000,0.0000,3
14.0000,3,997.2222,0.0000,205.0000,0.0000,2
14.0000,7,111.1222,400.0000,200.0000,0.0000,4
14.0000,12,0.0000,99.3889,0.0000,0.0000,4
14.0000,21,1041.6667,400.0000,195.0000,0.0000,3
14.1000,3,1002.9167,0.0000,205.0000,0.0000,2
14.1000,7,105.5667,400.0000,200.0000,0.0000,4
14.1000,12,0.0000,99.3889,0.0000,0.0000,4
14.1000,21,1036.2500,400.0000,195.0000,0.0000,3
14.2000,3,1008.6111,0.0000,205.0000,0.0000,2
14.2000,7,100.0111,400.0000,200.0000,0.0000,4
14.2000,12,0.0000,99.3889,0.0000,0.0000,4
14.2000,21,1030.8333,400.0000,195.0000,0.0000,3
14.3000,3,1014.3056,0.0000,205.0000,0.0000,2
14.3000,7,94.4556,400.0000,200.0000,0.0000,4
14.3000,12,0.0000,99.3889,0.0000,0.0000,4
14.3000,21,1025.4167,400.0000,195.0000,0.0000,3
14.4000,3,1020.0000,0.0000,205.0000,0.0000,2
14.4000,7,88.9000,400.0000,200.0000,0.0000,4
14.4000,12,0.0000,99.3889,0.0000,0.0000,4
14.4000,21,1020.0000,400.0000,195.0000,0.0000,3
14.5000,3,1025.6944,0.0000,205.0000,0.0000,2
14.5000,7,83.3444,400.0000,200.0000,0.0000,4
14.5000,12,0.0000,99.3889,0.0000,0.0000,4
14.5000,21,1014.5833,400.0000,195.0000,0.0000,3
14.6000,3,1031.3889,0.0000,205.0000,0.0000,2
14.6000,7,77.7889,400.0000,200.0000,0.0000,4
14.6000,12,0.0000,99.3889,0.0000,0.0000,4
14.6000,21,1009.1667,400.0000,195.0000,0.0000,3
14.7000,3,1037.0833,0.0000,205.0000,0.0000,2
14.7000,7,72.2333,400.0000,200.0000,0.0000,4
14.7000,12,0.0000,99.3889,0.0000,0.0000,4
14.7000,21,1003.7500,400.0000,195.0000,0.0000,3
14.8000,3,1042.7778,0.0000,205.0000,0.0000,2
14.8000,7,66.6778,400.0000,200.0000,0.0000,4
14.8000,12,0.0000,99.3889,0.0000,0.0000,4
14.8000,21,998.3333,400.0000,195.0000,0.0000,3
14.9000,3,1048.4722,0.0000,205.0000,0.0000,2
14.9000,7,61.1222,400.0000,200.0000,0.0000,4
14.9000,12,0.0000,99.3889,0.0000,0.0000,4
14.9000,21,992.9167,400.0000,195.0000,0.0000,3
15.0000,3,1054.1667,0.0000,205.0000,0.0000,2
15.0000,7,55.5667,400.0000,200.0000,0.0000,4
15.0000,12,0.0000,99.3889,0.0000,0.0000,4
15.0000,21,987.5000,400.0000,195.0000,0.0000,3
15.1000,3,1059.8611,0.0000,205.0000,0.0000,2
15.1000,7,50.0111,400.0000,200.0000,0.0000,4
15.1000,12,0.0000,99.3889,0.0000,0.0000,4
15.1000,21,982.0833,400.0000,195.0000,0.0000,3
15.2000,3,1065.5556,0.0000,205.0000,0.0000,2
15.2000,7,44.4556,400.0000,200.0000,0.0000,4
15.2000,12,0.0000,99.3889,0.0000,0.0000,4
15.2000,21,976.6667,400.0000,195.0000,0.0000,3
15.3000,3,1071.2500,0.0000,205.0000,0.0000,2
15.3000,7,38.9000,400.0000,200.0000,0.0000,4
15.3000,12,0.0000,99.3889,0.0000,0.0000,4
15.3000,21,971.2500,400.0000,195.0000,0.0000,3
15.4000,3,1076.9444,0.0000,205.0000,0.0000,2
15.4000,7,33.3444,400.0000,200.0000,0.0000,4
15.4000,12,0.0000,99.3889,0.0000,0.0000,4
15.4000,21,965.8333,400.0000,195.0000,0.0000,3
15.5000,3,1082.6389,0.0000,205.0000,0.0000,2
15.5000,7,27.7889,400.0000,200.0000,0.0000,4
15.5000,12,0.0000,99.3889,0.0000,0.0000,4
15.5000,21,960.4167,400.0000,195.0000,0.0000,3
15.6000,3,1088.3333,0.0000,205.0000,0.0000,2
15.6000,7,22.2333,400.0000,200.0000,0.0000,4
15.6000,12,0.0000,99.3889,0.0000,0.0000,4
15.6000,21,955.0000,400.0000,195.0000,0.0000,3
15.7000,3,1094.0278,0.0000,205.0000,0.0000,2
15.7000,7,16.6778,400.0000,200.0000,0.0000,4
15.7000,12,0.0000,99.3889,0.0000,0.0000,4
15.7000,21,949.5833,400.0000,195.0000,0.0000,3
15.8000,3,1099.7222,0.0000,205.0000,0.0000,2
15.8000,7,11.1222,400.0000,200.0000,0.0000,4
15.8000,12,0.0000,99.3889,0.0000,0.0000,4
15.8000,21,944.1667,400.0000,195.0000,0.0000,3
15.9000,3,1105.4167,0.0000,205.0000,0.0000,2
15.9000,7,5.5667,400.0000,200.0000,0.0000,4
15.9000,12,0.0000,99.3889,0.0000,0.0000,4
15.9000,21,938.7500,400.0000,195.0000,0.0000,3
16.0000,3,1111.1111,0.0000,205.0000,0.0000,2
16.0000,7,0.0111,400.0000,200.0000,0.0000,4
16.0000,12,0.0000,99.3889,0.0000,0.0000,4
16.0000,21,933.3333,400.0000,195.0000,0.0000,3
16.1000,3,1116.8056,0.0000,205.0000,0.0000,2
16.1000,7,0.0000,394.4556,200.0000,0.0000,4
16.1000,12,0.0000,99.3889,0.0000,0.0000,4
16.1000,21,927.9167,400.0000,195.0000,0.0000,3
16.2000,3,1122.5000,0.0000,205.0000,0.0000,2
16.2000,7,0.0000,388.9000,200.0000,0.0000,4
16.2000,12,0.0000,99.3889,0.0000,0.0000,4
16.2000,21,922.5000,400.0000,195.0000,0.0000,3
16.3000,3,1128.1944,0.0000,205.0000,0.0000,2
16.3000,7,0.0000,383.3444,200.0000,0.0000,4
16.3000,12,0.0000,99.3889,0.0000,0.0000,4
16.3000,21,917.0833,400.0000,195.0000,0.0000,3
16.4000,3,1133.8889,0.0000,205.0000,0.0000,2
16.4000,7,0.0000,377.7889,200.0000,0.0000,4
16.4000,12,0.0000,99.3889,0.0000,0.0000,4
16.4000,21,911.6667,400.0000,195.0000,0.0000,3
16.5000,3,1139.5833,0.0000,205.0000,0.0000,2
16.5000,7,0.0000,372.2333,200.0000,0.0000,4
16.5000,12,0.0000,99.3889,0.0000,0.0000,4
16.5000,21,906.2500,400.0000,195.0000,0.0000,3
16.6000,3,1145.2778,0.0000,205.0000,0.0000,2
16.6000,7,0.0000,366.6778,200.0000,0.0000,4
16.6000,12,0.0000,99.3889,0.0000,0.0000,4
16.6000,21,900.8333,400.0000,195.0000,0.0000,3
16.7000,3,1150.9722,0.0000,205.0000,0.0000,2
16.7000,7,0.0000,361.1222,200.0000,0.0000,4
16.7000,12,0.0000,99.3889,0.0000,0.0000,4
16.7000,21,895.4167,400.0000,195.0000,0.0000,3
16.8000,3,1156.6667,0.0000,205.0000,0.0000,2
16.8000,7,0.0000,355.5667,200.0000,0.0000,4
16.8000,12,0.0000,99.3889,0.0000,0.0000,4
16.8000,21,890.0000,400.0000,195.0000,0.0000,3
16.9000,3,1162.3611,0.0000,205.0000,0.0000,2
16.9000,7,0.0000,350.0111,200.0000,0.0000,4
16.9000,12,0.0000,99.3889,0.0000,0.0000,4
16.9000,21,884.5833,400.0000,195.0000,0.0000,3
17.0000,3,1168.0556,0.0000,205.0000,0.0000,2
17.0000,7,0.0000,344.4556,200.0000,0.0000,4
17.0000,12,0.0000,99.3889,0.0000,0.0000,4
17.0000,21,879.1667,400.0000,195.0000,0.0000,3
17.1000,3,1173.7500,0.0000,205.0000,0.0000,2
17.1000,7,0.0000,338.9000,200.0000,0.0000,4
17.1000,12,0.0000,99.3889,0.0000,0.0000,4
17.1000,21,873.7500,400.0000,195.0000,0.0000,3
17.2000,3,1179.4444,0.0000,205.0000,0.0000,2
17.2000,7,0.0000,333.3444,200.0000,0.0000,4
17.2000,12,0.0000,99.3889,0.0000,0.0000,4
17.2000,21,868.3333,400.0000,195.0000,0.0000,3
17.3000,3,1185.1389,0.0000,205.0000,0.0000,2
17.3000,7,0.0000,327.7889,200.0000,0.0000,4
17.3000,12,0.0000,99.3889,0.0000,0.0000,4
17.3000,21,862.9167,400.0000,195.0000,0.0000,3
17.4000,3,1190.8333,0.0000,205.0000,0.0000,2
17.4000,7,0.0000,322.2333,200.0000,0.0000,4
17.4000,12,0.0000,99.3889,0.0000,0.0000,4
17.4000,21,857.5000,400.0000,195.0000,0.0000,3
17.5000,3,1196.5278,0.0000,205.0000,0.0000,2
17.5000,7,0.0000,316.6778,200.0000,0.0000,4
17.5000,12,0.0000,99.3889,0.0000,0.0000,4
17.5000,21,852.0833,400.0000,195.0000,0.0000,3
17.6000,3,1200.0000,2.2222,205.0000,0.0000,2
17.6000,7,0.0000,311.1222,200.0000,0.0000,4
17.6000,12,0.0000,99.3889,0.0000,0.0000,4
17.6000,21,846.6667,400.0000,195.0000,0.0000,3
17.7000,3,1200.0000,7.9167,205.0000,0.0000,2
17.7000,7,0.0000,305.5667,200.0000,0.0000,4
17.7000,12,0.0000,99.3889,0.0000,0.0000,4
17.7000,21,841.2500,400.0000,195.0000,0.0000,3
17.8000,3,1200.0000,13.6111,205.0000,0.0000,2
17.8000,7,0.0000,300.0111,200.0000,0.0000,4
17.8000,12,0.0000,99.3889,0.0000,0.0000,4
17.8000,21,835.8333,400.0000,195.0000,0.0000,3
17.9000,3,1200.0000,19.3056,205.0000,0.0000,2
17.9000,7,0.0000,294.4556,200.0000,0.0000,4
17.9000,12,0.0000,99.3889,0.0000,0.0000,4
17.9000,21,830.4167,400.0000,195.0000,0.0000,3
18.0000,3,1200.0000,25.0000,205.0000,0.0000,2
18.0000,7,0.0000,288.9000,200.0000,0.0000,4
18.0000,12,0.0000,99.3889,0.0000,0.0000,4
18.0000,21,825.0000,400.0000,195.0000,0.0000,3
18.1000,3,1200.0000,30.6944,205.0000,0.0000,2
18.1000,7,0.0000,283.3444,200.0000,0.0000,4
18.1000,12,0.0000,99.3889,0.0000,0.0000,4
18.1000,21,819.5833,400.0000,195.0000,0.0000,3
18.2000,3,1200.0000,36.3889,205.0000,0.0000,2
18.2000,7,0.0000,277.7889,200.0000,0.0000,4
18.2000,12,0.0000,99.3889,0.0000,0.0000,4
18.2000,21,814.1667,400.0000,195.0000,0.0000,3
18.3000,3,1200.0000,42.0833,205.0000,0.0000,2
18.3000,7,0.0000,272.2333,200.0000,0.0000,4
18.3000,12,0.0000,99.3889,0.0000,0.0000,4
18.3000,21,808.7500,400.0000,195.0000,0.0000,3
18.4000,3,1200.0000,47.7778,205.0000,0.0000,2
18.4000,7,0.0000,266.6778,200.0000,0.0000,4
18.4000,12,0.0000,99.3889,0.0000,0.0000,4
18.4000,21,803.3333,400.0000,195.0000,0.0000,3
18.5000,3,1200.0000,53.4722,205.0000,0.0000,2
18.5000,7,0.0000,261.1222,200.0000,0.0000,4
18.5000,12,0.0000,99.3889,0.0000,0.0000,4
18.5000,21,797.9167,400.0000,195.0000,0.0000,3
18.6000,3,1200.0000,59.1667,205.0000,0.0000,2
18.6000,7,0.0000,255.5667,200.0000,0.0000,4
18.6000,12,0.0000,99.3889,0.0000,0.0000,4
18.6000,21,792.5000,400.0000,195.0000,0.0000,3
18.7000,3,1200.0000,64.8611,205.0000,0.0000,2
18.7000,7,0.0000,250.0111,200.0000,0.0000,4
18.7000,12,0.0000,99.3889,0.0000,0.0000,4
18.7000,21,787.0833,400.0000,195.0000,0.0000,3
18.8000,3,1200.0000,70.5556,205.0000,0.0000,2
18.8000,7,0.0000,244.4556,200.0000,0.0000,4
18.8000,12,0.0000,99.3889,0.0000,0.0000,4
18.8000,21,781.6667,400.0000,195.0000,0.0000,3
18.9000,3,1200.0000,76.2500,205.0000,0.0000,2
18.9000,7,0.0000,238.9000,200.0000,0.0000,4
18.9000,12,0.0000,99.3889,0.0000,0.0000,4
18.9000,21,776.2500,400.0000,195.0000,0.0000,3
19.0000,3,1200.0000,81.9444,205.0000,0.0000,2
19.0000,7,0.0000,233.3444,200.0000,0.0000,4
19.0000,12,0.0000,99.3889,0.0000,0.0000,4
19.0000,21,770.8333,400.0000,195.0000,0.0000,3
19.1000,3,1200.0000,87.6389,205.0000,0.0000,2
19.1000,7,0.0000,227.7889,200.0000,0.0000,4
19.1000,12,0.0000,99.3889,0.0000,0.0000,4
19.1000,21,765.4167,400.0000,195.0000,0.0000,3
19.2000,3,1200.0000,93.3333,205.0000,0.0000,2
19.2000,7,0.0000,222.2333,200.0000,0.0000,4
19.2000,12,0.0000,99.3889,0.0000,0.0000,4
19.2000,21,760.0000,400.0000,195.0000,0.0000,3
19.3000,3,1200.0000,99.0278,205.0000,0.0000,2
19.3000,7,0.0000,216.6778,200.0000,0.0000,4
19.3000,12,0.0000,99.3889,0.0000,0.0000,4
19.3000,21,754.5833,400.0000,195.0000,0.0000,3
19.4000,3,1200.0000,104.7222,205.0000,0.0000,2
19.4000,7,0.0000,211.1222,200.0000,0.0000,4
19.4000,12,0.0000,99.3889,0.0000,0.0000,4
19.4000,21,749.1667,400.0000,195.0000,0.0000,3
19.5000,3,1200.0000,110.4167,205.0000,0.0000,2
19.5000,7,0.0000,205.5667,200.0000,0.0000,4
19.5000,12,0.0000,99.3889,0.0000,0.0000,4
19.5000,21,743.7500,400.0000,195.0000,0.0000,3
19.6000,3,1200.0000,116.1111,205.0000,0.0000,2
19.6000,7,0.0000,200.0111,200.0000,0.0000,4
19.6000,12,0.0000,99.3889,0.0000,0.0000,4
19.6000,21,738.3333,400.0000,195.0000,0.0000,3
19.7000,3,1200.0000,121.8056,205.0000,0.0000,2
19.7000,7,0.0000,194.4556,200.0000,0.0000,4
19.7000,12,0.0000,99.3889,0.0000,0.0000,4
19.7000,21,732.9167,400.0000,195.0000,0.0000,3
19.8000,3,1200.0000,127.5000,205.0000,0.0000,2
19.8000,7,0.0000,188.9000,200.0000,0.0000,4
19.8000,12,0.0000,99.3889,0.0000,0.0000,4
19.8000,21,727.5000,400.0000,195.0000,0.0000,3
19.9000,3,1200.0000,133.1944,205.0000,0.0000,2
19.9000,7,0.0000,183.3444,200.0000,0.0000,4
19.9000,12,0.0000,99.3889,0.0000,0.0000,4
19.9000,21,722.0833,400.0000,195.0000,0.0000,3
20.0000,3,1200.0000,138.8889,205.0000,0.0000,2
20.0000,7,0.0000,177.7889,200.0000,0.0000,4
20.0000,12,0.0000,99.3889,0.0000,0.0000,4
20.0000,21,716.6667,400.0000,195.0000,0.0000,3
